"CLIENTE","SETOR","DOCUMENTO","metadata","document_date","ETIQUETA","CAIXA","ENDERECO"
Unilogic Canal Geek,Unilogic Canal Geek,Documentos Unilogic Canal Geek,"{""Pasta"":""184"",""Setor"":""CONTABILIDADE"",""Periodo"":""1 QUINZENA ABRIL 2021"",""Assunto"":""CANAL GEEK"",""Observa\u00e7\u00e3o"":""ABAS - EQUIPAMENTOS, DESPESAS GERAIS, COLABORADORES FIXOS, IMPOSTOS, EXTRATOS (BOLETOS, NOTAS FISCAIS, COMISS\u00d5ES, GUIA DE RECOLHIMENTOS DE IMPOSTOS, COMPROVANTES E RECIBOS DE PAGAMENTOS)"",""Data do Documento"":""15\/04\/2021"",""Etiqueta"":""2607805""}","2021-04-15",2607805,100774,"10A261018"
Unilogic Canal Geek,Unilogic Canal Geek,Documentos Unilogic Canal Geek,"{""Pasta"":""185"",""Setor"":""CONTABILIDADE"",""Periodo"":""1 QUINZENA MAIO 2021"",""Assunto"":""CANAL GEEK"",""Observa\u00e7\u00e3o"":""ABAS - EQUIPAMENTOS, COLABORADORES FIXOS, DESPESAS FIXAS, DESPESAS GERAIS, PJ, IMPOSTOS (BOLETOS, NOTAS FISCAIS, FATURAS, COMISS\u00d5ES, GUIAS DE RECOLHIMENTO DE IMPOSTOS, COMPROVANTES E RECIBOS DE PAGAMENTOS)"",""Data do Documento"":""15\/05\/2021"",""Etiqueta"":""2607806""}","2021-05-15",2607806,100774,"10A261018"
Unilogic Canal Geek,Unilogic Canal Geek,Documentos Unilogic Canal Geek,"{""Pasta"":""186"",""Setor"":""CONTABILIDADE"",""Periodo"":""1 QUINZENA SETEMBRO 2021"",""Assunto"":""CANAL GEEK"",""Observa\u00e7\u00e3o"":""ABAS NUMERADAS POR DIA 01 A 03 E 13, EXTRATOS E COMPROVANTES ANTERIORES (FATURAS, NOTAS FISCAIS, BOLETOS, EXTRATOS, COMPROVANTES E RECIBOS DE PAGAMENTOS)"",""Data do Documento"":""15\/09\/2021"",""Etiqueta"":""2607807""}","2021-09-15",2607807,100774,"10A261018"
Unilogic Canal Geek,Unilogic Canal Geek,Documentos Unilogic Canal Geek,"{""Pasta"":""182"",""Setor"":""CONTABILIDADE"",""Periodo"":""NOVEMBRO 2021"",""Assunto"":""UNILOGIC"",""Observa\u00e7\u00e3o"":""ABAS NUMERADAS POR DIA 19, 22 A 26, 29 E 30, EXTRATOS, COMPROVANTES ANTERIORES E COMPROVANTES ANTERIORES CANAL GEEK (FATURAS, NOTAS FISCAIS, BOLETOS, RESCIS\u00d5ES, COMPROVANTES E RECIBOS DE PAGAMENTOS)"",""Data do Documento"":""30\/11\/2021"",""Etiqueta"":""2607803""}","2021-11-30",2607803,100773,"10A261019"
Unilogic Canal Geek,Unilogic Canal Geek,Documentos Unilogic Canal Geek,"{""Pasta"":""183"",""Setor"":""CONTABILIDADE"",""Periodo"":""1 QUINZENA ABRIL 2021"",""Assunto"":""CANAL GEEK"",""Observa\u00e7\u00e3o"":""ABAS - EQUIPAMENTOS, DESPESAS GERAIS, DESPESAS FIXAS, TERCEIROS, PJ, COLABORADORES FIXOS, IMPOSTOS, EXTRATOS (BOLETOS, NOTAS FISCAIS, FATURAS, GUIAS DE RECOLHIMENTO DE IMPOSTOS, EXTRATOS, COMPROVANTES E RECIBOS DE PAGAMENTOS)"",""Data do Documento"":""15\/04\/2021"",""Etiqueta"":""2607804""}","2021-04-15",2607804,100773,"10A261019"
Unilogic Canal Geek,Unilogic Canal Geek,Documentos Unilogic Canal Geek,"{""Pasta"":""179"",""Setor"":""CONTABILIDADE"",""Periodo"":""1 QUINZENA OUTUBRO 2021"",""Assunto"":""UNILOGIC"",""Observa\u00e7\u00e3o"":""ABAS NUMERADAS POR DIA 01, 04 A 08, 11, 13 A 15, 18 E COMPROVANTES ANTERIORES (FATURAS, NOTAS FISCAIS, BOLETOS, COMPROVANTES E RECIBOS DE PAGAMENTOS, GUIAS DE RECOLHIMENTO DE IMPOSTOS, HOLERITES, REEMBOLSOS)"",""Data do Documento"":""15\/10\/2021"",""Etiqueta"":""2607800""}","2021-10-15",2607800,100772,"10A261020"
Unilogic Canal Geek,Unilogic Canal Geek,Documentos Unilogic Canal Geek,"{""Pasta"":""180"",""Setor"":""CONTABILIDADE"",""Periodo"":""2 QUINZENA OUTUBRO 2021"",""Assunto"":""UNILOGIC \/ CANAL GEEK"",""Observa\u00e7\u00e3o"":""ABAS NUMERADAS POR DIA 18 A 20, 22, 25 A 29, COMPROVANTES ANTERIORES, EXTRATOS E CANAL GEEK (NOTAS FISCAIS, BOLETOS, FATURAS, COMPROVANTES E RECIBOS DE PAGAMENTOS, EXTRATOS \/ CANAL GEEK - SOMENTE EXTRATO, FATURAS ELETROPAULO E VIVO COM COMPROVANTES DE PAGAMENTOS)"",""Data do Documento"":""31\/10\/2021"",""Etiqueta"":""2607801""}","2021-10-31",2607801,100772,"10A261020"
Unilogic Canal Geek,Unilogic Canal Geek,Documentos Unilogic Canal Geek,"{""Pasta"":""181"",""Setor"":""CONTABILIDADE"",""Periodo"":""1 QUINZENA NOVEMBRO 2021"",""Assunto"":""UNILOGIC"",""Observa\u00e7\u00e3o"":""ABAS NUMERADAS POR DIA 03 A 05, 08 A 12, 16 A 18, EXTRATOS E COMPROVANTES ANTERIORES (FATURAS, NOTAS FISCAIS, BOLETOS, COMPROVANTES E RECIBOS DE PAGAMENTOS, GUIAS DE RECOLHIMENTO DE IMPOSTOS, HOLERITES, REEMBOLSOS, EXTRATOS)"",""Data do Documento"":""15\/11\/2021"",""Etiqueta"":""2607802""}","2021-11-15",2607802,100772,"10A261020"
Unilogic Canal Geek,Unilogic Canal Geek,Documentos Unilogic Canal Geek,"{""Pasta"":""176"",""Setor"":""CONTABILIDADE"",""Periodo"":""2 QUINZENA DE AGOSTO 2021"",""Assunto"":"" UNILOGIC"",""Observa\u00e7\u00e3o"":""ABAS NUMERADAS POR DIA 16 A 19, 23, 25, 27, 30 E 31, COMPROVANTES ANTERIORES (NOTAS FISCAIS, BOLETOS, COMPROVANTES E RECIBOS DE PAGAMENTOS, F\u00c9RIAS, FATURAS, EXTRATO)"",""Data do Documento"":""30\/08\/2021"",""Etiqueta"":""2607797""}","2021-08-30",2607797,100771,"10A261021"
Unilogic Canal Geek,Unilogic Canal Geek,Documentos Unilogic Canal Geek,"{""Pasta"":""177"",""Setor"":""CONTABILIDADE"",""Periodo"":""1 QUINZENA DE SETEMBRO 2021"",""Assunto"":"" UNILOGIC"",""Observa\u00e7\u00e3o"":""ABAS NUMERADAS POR DIA 01 A 03, 06, 08 A 10, 13 A 15, 17 E COMPROVANTES ANTERIORES (BOLETOS, COMPROVANTES E RECIBOS DE PAGAMENTOS, FATURAS, IPTU, HOLERITES, NOTAS FISCAIS, GUIAS DE RECOLHIMENTO DE IMPOSTOS)"",""Data do Documento"":""15\/09\/2021"",""Etiqueta"":""2607798""}","2021-09-15",2607798,100771,"10A261021"
Unilogic Canal Geek,Unilogic Canal Geek,Documentos Unilogic Canal Geek,"{""Pasta"":""178"",""Setor"":""CONTABILIDADE"",""Periodo"":""2 QUINZENA DE SETEMBRO 2021"",""Assunto"":"" UNILOGIC \/ CANAL GEEK"",""Observa\u00e7\u00e3o"":""ABAS - UNILOGIC - NUMERADAS POR DIA 17, 20 A 22, 28 A 30 E COMPROVANTES ANTERIORES \/ CANAL GEEK - COMPROVANTES ANTERIORES (EXTRATOS, BOLETOS, NOTAS FISCAIS, FATURAS, COMPROVANTES E RECIBOS DE PAGAMENTOS)"",""Data do Documento"":""30\/09\/2021"",""Etiqueta"":""2607799""}","2021-09-30",2607799,100771,"10A261021"
Unilogic Canal Geek,Unilogic Canal Geek,Documentos Unilogic Canal Geek,"{""Pasta"":""174"",""Setor"":""CONTABILIDADE"",""Periodo"":""2 QUINZENA JULHO 2021"",""Assunto"":""UNILOGIC \/ CANAL GEEK"",""Observa\u00e7\u00e3o"":""ABAS - UNILOGIC - NUMERADAS POR DIA 16, 19 A 23, 28 A 30 E COMPROVANTES ANTERIORES \/ CANAL GEEK - NUMERADAS POR DIA 21 A 30, COMPROVANTES ANTERIORES E EXTRATOS (BOLETOS, COMPROVANTES E RECIBOS DE PAGAMENTOS, DEMONSTRATIVOS, FATURAS, NOTAS FISCAIS, RESCIS\u00d5ES, NOTAS DE D\u00c9BITO, EXTRATOS)"",""Data do Documento"":""31\/07\/2021"",""Etiqueta"":""2607795""}","2021-07-31",2607795,100770,"10A261022"
Unilogic Canal Geek,Unilogic Canal Geek,Documentos Unilogic Canal Geek,"{""Pasta"":""175"",""Setor"":""CONTABILIDADE"",""Periodo"":""1 QUINZENA AGOSTO 2021"",""Assunto"":""UNILOGIC \/ CANAL GEEK"",""Observa\u00e7\u00e3o"":""ABAS - UNILOGIC - NUMERADAS POR DIA 02 A 06, 09 E 10, 12 E 13, 16 E 17, EXTRATOS E COMPROVANTES ANTERIORES \/ CANAL GEEK - EXTRATOS E COMPROVANTES ANTERIORES (BOLETOS, COMPROVANTES E RECIBOS DE PAGAMENTOS, NOTAS FISCAIS, F\u00c9RIAS, NOTAS FISCAIS, HOLERITES, GUIAS DE RECOLHIMENTO DE IMPOSTOS, FATURAS, EXTRATOS)"",""Data do Documento"":""15\/08\/2021"",""Etiqueta"":""2607796""}","2021-08-15",2607796,100770,"10A261022"
Unilogic Canal Geek,Unilogic Canal Geek,Documentos Unilogic Canal Geek,"{""Pasta"":""172"",""Setor"":""CONTABILIDADE"",""Periodo"":""2 QUINZENA JUNHO 2021"",""Assunto"":""UNILOGIC \/ CANAL GEEK"",""Observa\u00e7\u00e3o"":""ABAS - UNILOGIC - NUMERADAS POR DIA 21 A 25 E 28 \/ CANAL GEEK - NUMERADAS POR DIA 24 E 25, 28 E 29 E COMPROVANTES ANTERIORES (BOLETOS, COMPROVANTES E RECIBOS DE PAGAMENTOS, FATURAS, RPA, NOTAS FISCAIS, RELAT\u00d3RIOS DE AUTORIZA\u00c7\u00d5ES DE TRANSA\u00c7\u00d5ES BANC\u00c1RIAS, REEMBOLSOS)"",""Data do Documento"":""30\/06\/2021"",""Etiqueta"":""2607793""}","2021-06-30",2607793,100769,"10A261023"
Unilogic Canal Geek,Unilogic Canal Geek,Documentos Unilogic Canal Geek,"{""Pasta"":""173"",""Setor"":""CONTABILIDADE"",""Periodo"":""1 QUINZENA JULHO 2021"",""Assunto"":""UNILOGIC \/ CANAL GEEK"",""Observa\u00e7\u00e3o"":""ABAS - UNILOGIC - NUMERADAS POR DIA 01 E 02, 05 A 08, 12 A 16, EXTRATOS E COMPROVANTES ANTERIORES \/ CANAL GEEK - NUMERADAS POR DIA 02 A 06, 07 A 12, 13 A 16, COMPROVANTES ANTERIORES E EXTRATOS (BOLETOS, COMPROVANTES E RECIBOS DE PAGAMENTOS, FATURAS, GUIAS DE RECOLHIMENTO DE IMPOSTOS, HOLERITES, NOTAS FISCAIS, EXTRATOS)"",""Data do Documento"":""15\/07\/2021"",""Etiqueta"":""2607794""}","2021-07-15",2607794,100769,"10A261023"
Unilogic Canal Geek,Unilogic Canal Geek,Documentos Unilogic Canal Geek,"{""Pasta"":""170"",""Setor"":""CONTABILIDADE"",""Periodo"":""2 QUINZENA MAIO 2021"",""Assunto"":""UNILOGIC \/ CANAL GEEK"",""Observa\u00e7\u00e3o"":""ABAS - UNILOGIC - NUMERADAS POR DIA 21, 24 E 25, EXTRATOS E COMPROVANTES ANTERIORES \/ CANAL GEEK - DESPESAS DIVERSAS, EXTRATOS, EQUIPAMENTOS, COMPROVANTES ANTERIORES (NOTAS FISCAIS, GUIAS DE RECOLHIMENTO DE IMPOSTOS, COMPROVANTES E RECIBOS DE PAGAMENTOS, BOLETOS, EXTRATOS, FATURAS)"",""Data do Documento"":""30\/05\/2021"",""Etiqueta"":""2607791""}","2021-05-30",2607791,100768,"10A261024"
Unilogic Canal Geek,Unilogic Canal Geek,Documentos Unilogic Canal Geek,"{""Pasta"":""171"",""Setor"":""CONTABILIDADE"",""Periodo"":""1 QUINZENA JUNHO 2021"",""Assunto"":""UNILOGIC \/ CANAL GEEK"",""Observa\u00e7\u00e3o"":""ABAS - UNILOGIC -NUMERADAS POR DIA 02, 04, 07 A 11, 14 A 18 E EXTRATOS \/ CANAL GEEK - NUMERADAS POR DIA 01 E 02, 04, 07, 14, 16, 18 E EXTRATOS (BOLETOS, COMPROVANTES E RECIBOS DE PAGAMENTOS, HOLERITES, F\u00c9RIAS, FATURAS, GUIAS DE RECOLHIMENTOS DE IMPOSTOS, RESCIS\u00d5ES, IPTU, NOTAS FISCAIS)"",""Data do Documento"":""15\/06\/2021"",""Etiqueta"":""2607792""}","2021-06-15",2607792,100768,"10A261024"
Unilogic Canal Geek,Unilogic Canal Geek,Documentos Unilogic Canal Geek,"{""Pasta"":""167"",""Setor"":""CONTABILIDADE"",""Periodo"":""1 QUINZENA ABRIL 2021"",""Assunto"":""UNILOGIC"",""Observa\u00e7\u00e3o"":""ABAS NUMERADAS POR DIA 01, 05 A 09, 12, 15, 16 E 19 E COMPROVANTES ANTERIORES - BOLETOS, NOTAS FISCAIS, COMPROVANTES E RECIBOS DE PAGAMENTOS, HOLERITES, COMPROVANTES DE GASTOS PARA REEMBOLSOS, GUIAS DE RECOLHIMENTO DE IMPOSTOS, FATURAS)"",""Data do Documento"":""15\/04\/2021"",""Etiqueta"":""2607788""}","2021-04-15",2607788,100767,"10A261101"
Unilogic Canal Geek,Unilogic Canal Geek,Documentos Unilogic Canal Geek,"{""Pasta"":""168"",""Setor"":""CONTABILIDADE"",""Periodo"":""2 QUINZENA ABRIL 2021"",""Assunto"":""UNILOGIC"",""Observa\u00e7\u00e3o"":""ABAS NUMERADAS POR DIA 15, 20, 22 E 23, 26, 28 E EXTRATOS ( GUIAS DE RECOLHIMENTO DE IMPOSTOS, NOTAS FISCAIS, BOLETOS, COMPROVANTES E RECIBOS DE PAGAMENTOS, EXTRATOS, FATURAS)"",""Data do Documento"":""30\/04\/2021"",""Etiqueta"":""2607789""}","2021-04-30",2607789,100767,"10A261101"
Unilogic Canal Geek,Unilogic Canal Geek,Documentos Unilogic Canal Geek,"{""Pasta"":""169"",""Setor"":""CONTABILIDADE"",""Periodo"":""1 QUINZENA MAIO 2021"",""Assunto"":""UNILOGIC"",""Observa\u00e7\u00e3o"":""ABAS NUMERADAS POR DIA 01, 03, 05 A 07, 10 A 14, 17 A 19, BB E COMPROVANTES ANTERIORES (NOTAS FISCAIS, BOLETOS, FATURAS, COMPROVANTES E RECIBOS DE PAGAMENTOS, HOLERITES, RESCIS\u00d5ES, GUIAS DE RECOLHIMENTO DE IMPOSTOS, DECLARA\u00c7\u00d5ES DE PAGAMENTOS)"",""Data do Documento"":""15\/05\/2021"",""Etiqueta"":""2607790""}","2021-05-15",2607790,100767,"10A261101"
Unilogic Canal Geek,Unilogic Canal Geek,Documentos Unilogic Canal Geek,"{""Pasta"":""165"",""Setor"":null,""Periodo"":""2014"",""Assunto"":""CC CITI"",""Observa\u00e7\u00e3o"":""FATURAS E COMPROVANTES DE PAGAMENTOS CITIBANK 2014"",""Data do Documento"":""31\/12\/2014"",""Etiqueta"":""2607786""}","2014-12-31",2607786,100766,"10A261102"
Unilogic Canal Geek,Unilogic Canal Geek,Documentos Unilogic Canal Geek,"{""Pasta"":""166"",""Setor"":null,""Periodo"":null,""Assunto"":""PAYPAL FELIPE"",""Observa\u00e7\u00e3o"":""AUTORIZA\u00c7\u00d5ES DE PAGAMENTOS E AVISOS DE RECEBIMENTOS - PAYPAL"",""Data do Documento"":""31\/12\/2020"",""Etiqueta"":""2607787""}","2020-12-31",2607787,100766,"10A261102"
Unilogic Canal Geek,Unilogic Canal Geek,Documentos Unilogic Canal Geek,"{""Pasta"":""162"",""Setor"":null,""Periodo"":null,""Assunto"":""UNILOGIC - DOCUMENTACAO"",""Observa\u00e7\u00e3o"":""CONTRATO SOCIAL E ALTERA\u00c7\u00d5ES, C\u00d3PIAS AUTENTICADAS DOCUMENTOS PESSOAIS S\u00d3CIOS, CNPJ, CADESP, INSCRI\u00c7\u00c3O SECRETARIA DE FINAN\u00c7AS S\u00c3O BERNARDO DO CAMPO, CONSULTA TRIBUT\u00c1RIA, ENQUADRAMENTO EPP, SENHA DE ACESSO Nfe, CND'S, FICHA CADASTRAL, DOCUMENTOS JUCESP, DECLARA\u00c7\u00c3O SIMPLIFICADA PJ INATIVA 2008, DOCUMENTOS DE BAIXA DE CNPJ UNILOGIC FILIAL"",""Data do Documento"":""31\/12\/2022"",""Etiqueta"":""2607783""}","2022-12-31",2607783,100765,"10A261103"
Unilogic Canal Geek,Unilogic Canal Geek,Documentos Unilogic Canal Geek,"{""Pasta"":""163"",""Setor"":null,""Periodo"":null,""Assunto"":""SINDICATO"",""Observa\u00e7\u00e3o"":""CARTAS DE OPOSI\u00c7\u00c3O, CONVEN\u00c7\u00d5ES COLETIVAS, GUIAS DE RECOLHIMENTOS DE CONTRIBUI\u00c7\u00d5ES SINDICAIS E MENSALIDADES DE S\u00d3CIOS"",""Data do Documento"":""31\/12\/2022"",""Etiqueta"":""2607784""}","2022-12-31",2607784,100765,"10A261103"
Unilogic Canal Geek,Unilogic Canal Geek,Documentos Unilogic Canal Geek,"{""Pasta"":""164"",""Setor"":null,""Periodo"":null,""Assunto"":""PAGAMENTO DIVIDENDO SOCIOS"",""Observa\u00e7\u00e3o"":""COMPROVANTES DE PAGAMENTOS E TRANSFER\u00caNCIAS, REEMBOLSOS"",""Data do Documento"":""31\/12\/2022"",""Etiqueta"":""2607785""}","2022-12-31",2607785,100765,"10A261103"
Unilogic Canal Geek,Unilogic Canal Geek,Documentos Unilogic Canal Geek,"{""Pasta"":""159"",""Setor"":null,""Periodo"":""2009 A 2012"",""Assunto"":""IMOBILIARIA"",""Observa\u00e7\u00e3o"":""MPM ADMINISTRADORA DE CONDOM\u00cdNIOS ( IMOBILI\u00c1RIA ASTRO) - CONVOCA\u00c7\u00d5ES, ATA DE ASSEMBL\u00c9IA, BOLETOS,  COMPROVANTES E RECIBOS DE PAGAMENTOS, AVISOS DE REAJUSTES  - 2009 A 2012"",""Data do Documento"":""31\/12\/2012"",""Etiqueta"":""2607780""}","2012-12-31",2607780,100764,"10A261104"
Unilogic Canal Geek,Unilogic Canal Geek,Documentos Unilogic Canal Geek,"{""Pasta"":""160"",""Setor"":null,""Periodo"":""2005 A 2013"",""Assunto"":""VIVO"",""Observa\u00e7\u00e3o"":""TERMOS DE CESS\u00c3O E TRANFER\u00caNCIA DE DIREITOS E OBRIGA\u00c7\u00d5ES CONTRATUAIS, DECLARA\u00c7\u00d5ES DE QUITA\u00c7\u00d5ES DE D\u00c9BITOS, PROTOCOLO DE ENTREGA DE EQUIPAMENTOS, ORDENS DE SERVI\u00c7OS, FATURAS E COMPROVANTES DE PAGAMENTOS - 2005 A 2013"",""Data do Documento"":""31\/12\/2013"",""Etiqueta"":""2607781""}","2013-12-31",2607781,100764,"10A261104"
Unilogic Canal Geek,Unilogic Canal Geek,Documentos Unilogic Canal Geek,"{""Pasta"":""161"",""Setor"":""RECURSOS HUMANOS"",""Periodo"":""2010 A 2013"",""Assunto"":""INSS"",""Observa\u00e7\u00e3o"":""GUIAS DE RECOLHIMENTO INSS (GPS) - 2010 A 2013"",""Data do Documento"":""31\/12\/2013"",""Etiqueta"":""2607782""}","2013-12-31",2607782,100764,"10A261104"
Unilogic Canal Geek,Unilogic Canal Geek,Documentos Unilogic Canal Geek,"{""Pasta"":""157"",""Setor"":null,""Periodo"":null,""Assunto"":""SANTA HELENA"",""Observa\u00e7\u00e3o"":""FICHAS DE INCLUS\u00c3O E EXCLUS\u00d5ES DE FUNCION\u00c1RIOS, BOLETOS, NOTAS FISCAIS E COMPROVANTES DE PAGAMENTOS "",""Data do Documento"":""31\/12\/2022"",""Etiqueta"":""2607778""}","2022-12-31",2607778,100763,"10A261105"
Unilogic Canal Geek,Unilogic Canal Geek,Documentos Unilogic Canal Geek,"{""Pasta"":""158"",""Setor"":null,""Periodo"":""2011 A 2013"",""Assunto"":""GVT"",""Observa\u00e7\u00e3o"":""FATURAS E COMPROVANTES DE PAGAMENTOS - 2011 A 2013"",""Data do Documento"":""31\/12\/2013"",""Etiqueta"":""2607779""}","2013-12-31",2607779,100763,"10A261105"
Unilogic Canal Geek,Unilogic Canal Geek,Documentos Unilogic Canal Geek,"{""Pasta"":""155"",""Setor"":null,""Periodo"":null,""Assunto"":""SEGURO EMPRESA"",""Observa\u00e7\u00e3o"":""AP\u00d3LICES DE SEGURO ( BB EMPRESARIAL), PROPOSTA, AP\u00d3LICES E ENDOSSO DE SEGURO EMPRESARIAL E EQUIPAMENTOS (PORTO SEGURO)"",""Data do Documento"":""31\/12\/2022"",""Etiqueta"":""2607776""}","2022-12-31",2607776,100762,"10A261106"
Unilogic Canal Geek,Unilogic Canal Geek,Documentos Unilogic Canal Geek,"{""Pasta"":""156"",""Setor"":null,""Periodo"":null,""Assunto"":""VR"",""Observa\u00e7\u00e3o"":""DECLARA\u00c7\u00d5ES DE RECEBIMENTO, CONTRATO DE PRESTA\u00c7\u00c3O DE SERVI\u00c7O E RESCIS\u00c3O, NOTAS FISCAIS, BOLETOS, RELAT\u00d3RIOS E COMPROVANTES DE PAGAMENTOS"",""Data do Documento"":""31\/12\/2022"",""Etiqueta"":""2607777""}","2022-12-31",2607777,100762,"10A261106"
Unilogic Canal Geek,Unilogic Canal Geek,Documentos Unilogic Canal Geek,"{""Pasta"":""153"",""Setor"":null,""Periodo"":""2012 A 2016"",""Assunto"":""INVOICES"",""Observa\u00e7\u00e3o"":""FATURAS DE SERVI\u00c7OS PRESTADOS PARA EMPRESAS DE OUTROS PA\u00cdSES - 2012 A 2016 - ULTRADOWNLOADS"",""Data do Documento"":""31\/12\/2016"",""Etiqueta"":""2607774""}","2016-12-31",2607774,100761,"10A261107"
Unilogic Canal Geek,Unilogic Canal Geek,Documentos Unilogic Canal Geek,"{""Pasta"":""154"",""Setor"":null,""Periodo"":""2016 A 2021"",""Assunto"":""SEGURO DE VIDA EM GRUPO"",""Observa\u00e7\u00e3o"":""AP\u00d3LICES E ENDOSSO DE SEGUROS (PORTO SEGURO) 2016 A 2021"",""Data do Documento"":""31\/12\/2021"",""Etiqueta"":""2607775""}","2021-12-31",2607775,100761,"10A261107"
Unilogic Canal Geek,Unilogic Canal Geek,Documentos Unilogic Canal Geek,"{""Pasta"":""150"",""Setor"":null,""Periodo"":""2008 A 2013"",""Assunto"":""NET"",""Observa\u00e7\u00e3o"":""ORDENS DE SERVI\u00c7O, FATURAS E COMPROVANTES DE PAGAMENTOS - 2008 A 2013"",""Data do Documento"":""31\/12\/2013"",""Etiqueta"":""2607771""}","2013-12-31",2607771,100760,"10A261108"
Unilogic Canal Geek,Unilogic Canal Geek,Documentos Unilogic Canal Geek,"{""Pasta"":""151"",""Setor"":null,""Periodo"":null,""Assunto"":""ITAU"",""Observa\u00e7\u00e3o"":""DECLARA\u00c7\u00d5ES DE FATURAMENTO, ACORDOS COMERCIAIS, AUTORIZA\u00c7\u00d5ES PARA D\u00c9BITO AUTOM\u00c1TICO, DOCUMENTOS SOBRE M\u00c1QUINAS DE CART\u00d5ES DE CR\u00c9DITO (REDE, ITAUCARD, AMERICAN EXPRESS), FATURAS E COMPROVANTES DE PAGAMENTOS"",""Data do Documento"":""31\/12\/2022"",""Etiqueta"":""2607772""}","2022-12-31",2607772,100760,"10A261108"
Unilogic Canal Geek,Unilogic Canal Geek,Documentos Unilogic Canal Geek,"{""Pasta"":""152"",""Setor"":null,""Periodo"":""AGOSTO A DEZEMBRO 2013"",""Assunto"":""ISS"",""Observa\u00e7\u00e3o"":""GUIAS DE RECOLHIMENTO DE ISS (TOMADOR) - AGOSTO A DEZEMBRO 2013"",""Data do Documento"":""31\/12\/2013"",""Etiqueta"":""2607773""}","2013-12-31",2607773,100760,"10A261108"
Unilogic Canal Geek,Unilogic Canal Geek,Documentos Unilogic Canal Geek,"{""Pasta"":""148"",""Setor"":null,""Periodo"":""2015 \/ 2016"",""Assunto"":""NOTAS FISCAIS E FATURAS - 2015 E 2016"",""Observa\u00e7\u00e3o"":""NOTAS FISCAIS SERVI\u00c7O (SA\u00cdDA) E FATURAS EMITIDAS PELA UNILOGIC 2015 E 2016"",""Data do Documento"":""31\/12\/2016"",""Etiqueta"":""2607769""}","2016-12-31",2607769,100759,"10A261109"
Unilogic Canal Geek,Unilogic Canal Geek,Documentos Unilogic Canal Geek,"{""Pasta"":""149"",""Setor"":null,""Periodo"":""2005 A 2014"",""Assunto"":""DOMINIOS"",""Observa\u00e7\u00e3o"":""INSTRUMENTOS PARTICULAR DE CESS\u00c3O E TRANSFER\u00caNCIA DE NOME DE DOM\u00cdNIO, BOLETOS E COMPROVANTES DE PAGAMENTOS - 2005 A 2014"",""Data do Documento"":""31\/12\/2014"",""Etiqueta"":""2607770""}","2014-12-31",2607770,100759,"10A261109"
Unilogic Canal Geek,Unilogic Canal Geek,Documentos Unilogic Canal Geek,"{""Pasta"":""144"",""Setor"":null,""Periodo"":""2005 A 2014"",""Assunto"":""GILSER"",""Observa\u00e7\u00e3o"":""PROPOSTA DE PRESTA\u00c7\u00c3O DE SERVI\u00c7OS, BOLETOS E COMPROVANTES DE PAGAMENTOS, PROTOCOLOS - 2005 A 2014"",""Data do Documento"":""31\/12\/2014"",""Etiqueta"":""2607765""}","2014-12-31",2607765,100758,"10A261110"
Unilogic Canal Geek,Unilogic Canal Geek,Documentos Unilogic Canal Geek,"{""Pasta"":""145"",""Setor"":""RECURSOS HUMANOS"",""Periodo"":""2013 A 2018"",""Assunto"":""CLT - WILLIAM JOHNNY ORLANDO FERNANDES"",""Observa\u00e7\u00e3o"":""HOLERITES E CART\u00d5ES DE PONTO - 2013 A 2018"",""Data do Documento"":""31\/12\/2018"",""Etiqueta"":""2607766""}","2018-12-31",2607766,100758,"10A261110"
Unilogic Canal Geek,Unilogic Canal Geek,Documentos Unilogic Canal Geek,"{""Pasta"":""146"",""Setor"":""RECURSOS HUMANOS"",""Periodo"":""2013 A 2017"",""Assunto"":""CLT - ADRIANA MARCOCCIA SILVA"",""Observa\u00e7\u00e3o"":""DOCUMENTOS PESSOAIS, ASOS, TERMOS CONTRATUAIS, HOLERITES, CART\u00d5ES DE PONTO - 2013 A 2017"",""Data do Documento"":""31\/12\/2017"",""Etiqueta"":""2607767""}","2017-12-31",2607767,100758,"10A261110"
Unilogic Canal Geek,Unilogic Canal Geek,Documentos Unilogic Canal Geek,"{""Pasta"":""147"",""Setor"":null,""Periodo"":""AGOSTO A DEZEMBRO 2016"",""Assunto"":""CANAL GEEK - NOTAS FISCAIS E FATURAS 2016"",""Observa\u00e7\u00e3o"":""FATURAS EMITIDAS PELA CANAL GEEK - AGOSTO A DEZEMBRO 2016"",""Data do Documento"":""31\/12\/2016"",""Etiqueta"":""2607768""}","2016-12-31",2607768,100758,"10A261110"
Unilogic Canal Geek,Unilogic Canal Geek,Documentos Unilogic Canal Geek,"{""Pasta"":""140"",""Setor"":null,""Periodo"":""2011 A 2013"",""Assunto"":""DARF"",""Observa\u00e7\u00e3o"":""GUIAS DE RECOLHIMENTOS DARF'S  - IRRF 2011 A 2013, PIS E COFINS 2013, SOBRE SERVI\u00c7OS PRESTADOS PJ 2013"",""Data do Documento"":""31\/12\/2013"",""Etiqueta"":""2607761""}","2013-12-31",2607761,100757,"10A261111"
Unilogic Canal Geek,Unilogic Canal Geek,Documentos Unilogic Canal Geek,"{""Pasta"":""141"",""Setor"":null,""Periodo"":null,""Assunto"":""SARCON"",""Observa\u00e7\u00e3o"":""BOLETOS E COMPROVANTES DE PAGAMENTOS, CONTRATO E RESCIS\u00c3O CONTRATO DE LOCA\u00c7\u00c3O, TAXA DE ILUMINA\u00c7\u00c3O P\u00daBLICA, RESTITUI\u00c7\u00c3O DE CAU\u00c7\u00c3O"",""Data do Documento"":""31\/12\/2022"",""Etiqueta"":""2607762""}","2022-12-31",2607762,100757,"10A261111"
Unilogic Canal Geek,Unilogic Canal Geek,Documentos Unilogic Canal Geek,"{""Pasta"":""142"",""Setor"":null,""Periodo"":null,""Assunto"":""DESENVOLVE"",""Observa\u00e7\u00e3o"":""C\u00c9DULA DE CR\u00c9DITO BANC\u00c1RIO"",""Data do Documento"":""31\/12\/2022"",""Etiqueta"":""2607763""}","2022-12-31",2607763,100757,"10A261111"
Unilogic Canal Geek,Unilogic Canal Geek,Documentos Unilogic Canal Geek,"{""Pasta"":""143"",""Setor"":""RECURSOS HUMANOS"",""Periodo"":""2009 A 2013"",""Assunto"":""FGTS"",""Observa\u00e7\u00e3o"":""GUIAS DE RECOLHIMENTOS FGTS, GUIAS DE RECOLHIMENTO RESCIS\u00d3RIOS, COMPROVANTES DE PAGAMENTOS - 2009 A 2013"",""Data do Documento"":""31\/12\/2013"",""Etiqueta"":""2607764""}","2013-12-31",2607764,100757,"10A261111"
Unilogic Canal Geek,Unilogic Canal Geek,Documentos Unilogic Canal Geek,"{""Pasta"":""137"",""Setor"":null,""Periodo"":null,""Assunto"":""CLARO"",""Observa\u00e7\u00e3o"":""FATURAS E COMPROVANTES DE PAGAMENTOS 2005 E 2006, TERMO DE ADES\u00c3O 2014, CONTRATO E NOTA FISCAL 2021, RECIBO DE ENTREGA DE CHAVES 2021"",""Data do Documento"":""31\/12\/2022"",""Etiqueta"":""2607758""}","2022-12-31",2607758,100756,"10A261112"
Unilogic Canal Geek,Unilogic Canal Geek,Documentos Unilogic Canal Geek,"{""Pasta"":""138"",""Setor"":null,""Periodo"":""2005 A 2013"",""Assunto"":""ELETROPAULO"",""Observa\u00e7\u00e3o"":""CONTRATOS DE ADES\u00c3O, PROTOCOLOS DE ATENDIMENTOS, FATURAS E COMPROVANTES DE PAGAMENTOS 2005 A 2013CONTRATOS DE ADES\u00c3O, PROTOCOLOS DE ATENDIMENTOS, FATURAS E COMPROVANTES DE PAGAMENTOS 2005 A 2013"",""Data do Documento"":""31\/12\/2022"",""Etiqueta"":""2607759""}","2022-12-31",2607759,100756,"10A261112"
Unilogic Canal Geek,Unilogic Canal Geek,Documentos Unilogic Canal Geek,"{""Pasta"":""139"",""Setor"":null,""Periodo"":""2007 A 2015"",""Assunto"":""DAS"",""Observa\u00e7\u00e3o"":""GUIAS DE RECOLHIMENTO SIMPLES NACIONAL E COMPROVANTES DE PAGAMENTOS 2007 A 2015"",""Data do Documento"":""31\/12\/2015"",""Etiqueta"":""2607760""}","2015-12-31",2607760,100756,"10A261112"
Unilogic Canal Geek,Unilogic Canal Geek,Documentos Unilogic Canal Geek,"{""Pasta"":""133"",""Setor"":null,""Periodo"":null,""Assunto"":""ASSISTENCIA"",""Observa\u00e7\u00e3o"":""CONTAS DE CONSUMO, CERTIFICADOS DE GARANTIA, DISTRATOS, ORDENS DE SERVI\u00c7O, TERMO DE ACEITE - VIVO, COMPROVANTES DE PAGAMENTOS, NOTAS FISCAIS, LICEN\u00c7A DE FUNCIONAMENTO, VISTORIA CORPO DE BOMBEIROS, CONTRATO DE LOCA\u00c7\u00c3O DE IM\u00d3VEL"",""Data do Documento"":""31\/12\/2022"",""Etiqueta"":""2607754""}","2022-12-31",2607754,100755,"10A261113"
Unilogic Canal Geek,Unilogic Canal Geek,Documentos Unilogic Canal Geek,"{""Pasta"":""134"",""Setor"":null,""Periodo"":null,""Assunto"":""VENDAS ( LM )"",""Observa\u00e7\u00e3o"":""EMAILS, TRANSFER\u00caNCIAS BANC\u00c1RIAS, COMPROVANTES DE PAGAMENTOS REFERENTE A COMPRAS NO MERCADO LIVRE"",""Data do Documento"":""31\/12\/2022"",""Etiqueta"":""2607755""}","2022-12-31",2607755,100755,"10A261113"
Unilogic Canal Geek,Unilogic Canal Geek,Documentos Unilogic Canal Geek,"{""Pasta"":""135"",""Setor"":null,""Periodo"":""2008 A 2014"",""Assunto"":""EXTRATOS BANCO ITAU"",""Observa\u00e7\u00e3o"":""CANHOTOS DE CHEQUES, FATURAS, DECLARA\u00c7\u00d5ES DE FATURAMENTO, CONTRATOS DE C\u00c2MBIO, C\u00c9DULAS DE CR\u00c9DITO BANC\u00c1RIO, INFORMES DE RENDIMENTOS 2008 A 2014"",""Data do Documento"":""31\/12\/2022"",""Etiqueta"":""2607756""}","2022-12-31",2607756,100755,"10A261113"
Unilogic Canal Geek,Unilogic Canal Geek,Documentos Unilogic Canal Geek,"{""Pasta"":""136"",""Setor"":null,""Periodo"":null,""Assunto"":""CONDOMINIOS"",""Observa\u00e7\u00e3o"":""AUTORIZA\u00c7\u00c3O DE ENTREGAS EM GERAL, ATAS DE ASSEMBL\u00c9IAS, DECLARA\u00c7\u00d5ES DE QUITA\u00c7\u00c3O CONDOMINAL, BOLETOS E COMPROVANTES DE PAGAMENTOS, REGULAMENTO INTERNO"",""Data do Documento"":""31\/12\/2022"",""Etiqueta"":""2607757""}","2022-12-31",2607757,100755,"10A261113"
Unilogic Canal Geek,Unilogic Canal Geek,Documentos Unilogic Canal Geek,"{""Pasta"":""129"",""Setor"":null,""Periodo"":null,""Assunto"":""CC BANCO DO BRASIL"",""Observa\u00e7\u00e3o"":""DECLARA\u00c7\u00d5ES DE PAGAMENTOS, FATURAS, COMPROVANTES DE PAGAMENTOS - 2013 E 2014"",""Data do Documento"":""31\/12\/2021"",""Etiqueta"":""2607750""}","2021-12-31",2607750,100754,"10A261114"
Unilogic Canal Geek,Unilogic Canal Geek,Documentos Unilogic Canal Geek,"{""Pasta"":""130"",""Setor"":null,""Periodo"":null,""Assunto"":""CANAL GEEK - DOCUMENTACAO"",""Observa\u00e7\u00e3o"":""CONTRATO SOCIAL ORIGINAL E C\u00d3PIA, C\u00d3PIAS AUTENTICADAS DOCUMENTOS PESSOAIS DOS S\u00d3CIOS, CONTRATO DE LOCA\u00c7\u00c3O COMERCIAL, TERMO RECEBIMENTO CART\u00c3O ITAU PJ, INSCRI\u00c7\u00c3O SECRETARIA DE FINAN\u00c7AS S\u00c3O BERNARDO DO CAMPO, CNPJ, CND, CERTIFICADO DIGITAL, DDOCUMENTOS JUCESP"",""Data do Documento"":""31\/12\/2021"",""Etiqueta"":""2607751""}","2021-12-31",2607751,100754,"10A261114"
Unilogic Canal Geek,Unilogic Canal Geek,Documentos Unilogic Canal Geek,"{""Pasta"":""131"",""Setor"":null,""Periodo"":null,""Assunto"":""ALUGUEL 83 - 84"",""Observa\u00e7\u00e3o"":""CONTRATOS DE LOCA\u00c7\u00c3O DE IM\u00d3VEIS - SALAS 83 E 84 (UNILOGIC)"",""Data do Documento"":""31\/12\/2021"",""Etiqueta"":""2607752""}","2021-12-31",2607752,100754,"10A261114"
Unilogic Canal Geek,Unilogic Canal Geek,Documentos Unilogic Canal Geek,"{""Pasta"":""132"",""Setor"":null,""Periodo"":null,""Assunto"":""BANCO DO BRASIL"",""Observa\u00e7\u00e3o"":""CADASTRAMENTOS DE PESSOA JUR\u00cdDICA, CONTRATOS DE C\u00c2MBIO, CONTRATOS DE ABERTURA DE CR\u00c9DITO, PROCURA\u00c7\u00d5ES, EXTRATOS"",""Data do Documento"":""31\/12\/2021"",""Etiqueta"":""2607753""}","2021-12-31",2607753,100754,"10A261114"
Unilogic Canal Geek,Unilogic Canal Geek,Documentos Unilogic Canal Geek,"{""Pasta"":""124"",""Setor"":""CONTABILIDADE"",""Periodo"":""1 QUINZENA MARCO 2021"",""Assunto"":""CANAL GEEK"",""Observa\u00e7\u00e3o"":""ABAS - COLABORADORES FIXOS, DESPESAS FIXAS, TERCEIROS, DESPESAS GERAIS, PJ, IMPOSTOS, EXTRATOS, EQUIPAMENTOS (FATURAS, NOTAS FISCAIS, GUIAS DE RECOLHIMENTO DE IMPOSTOS, BOLETOS, COMPROVANTES E RECIBOS DE PAGAMENTOS, COMISS\u00d5ES)"",""Data do Documento"":""15\/03\/2021"",""Etiqueta"":""2607745""}","2021-03-15",2607745,100753,"10A261115"
Unilogic Canal Geek,Unilogic Canal Geek,Documentos Unilogic Canal Geek,"{""Pasta"":""125"",""Setor"":""CONTABILIDADE"",""Periodo"":""2 QUINZENA MARCO 2021"",""Assunto"":""CANAL GEEK"",""Observa\u00e7\u00e3o"":""ABAS - COLABORADORES FIXOS, IMPOSTOS, DESPESAS GERAIS, COMPROVANTES ANTERIORES (EXTRATOS, COMPROVANTES E RECIBOS DE PAGAMENTOS, TAXA FISCALIZA\u00c7\u00c3O DE FUNCIONAMENTO, BOLETOS, NOTAS FISCAIS, FATURAS)"",""Data do Documento"":""31\/03\/2021"",""Etiqueta"":""2607746""}","2021-03-31",2607746,100753,"10A261115"
Unilogic Canal Geek,Unilogic Canal Geek,Documentos Unilogic Canal Geek,"{""Pasta"":""126"",""Setor"":"""",""Periodo"":"""",""Assunto"":""TERMOS DE RETIRADAS DE EQUIPAMENTOS"",""Observa\u00e7\u00e3o"":""PROTOCOLOS DE ENTREGA DE EQUIPAMENTOS\/ PRODUTOS "",""Data do Documento"":""31\/12\/2021"",""Etiqueta"":""2607747""}","2021-12-31",2607747,100753,"10A261115"
Unilogic Canal Geek,Unilogic Canal Geek,Documentos Unilogic Canal Geek,"{""Pasta"":""127"",""Setor"":"""",""Periodo"":"""",""Assunto"":""LIVROS DE OCORRENCIAS - MODELO 10"",""Observa\u00e7\u00e3o"":""LIVRO REGISTRO DE RECEBIMENTO DE IMPRESSOS FISCAIS E TERMOS DE OCORR\u00caNCIA - UNILOGIC 2007 , LIVRO REGISTRO DE RECEBIMENTO DE IMPRESSOS FISCAIS E TERMOS DE OCORR\u00caNCIAS - CANAL GEEK 2016 , LIVRO REGISTRO DE NOTAS FISCAIS DE SERVI\u00c7OS PRESTADOS - UNILOGIC 2007 , CANCELAMENTOS DE NOTAS FISCAIS , TERMOS DE ADITAMENTO CONTRATO PARCERIA DE SITES DE INTERNET NO PORTAL R7"",""Data do Documento"":""31\/12\/2021"",""Etiqueta"":""2607748""}","2021-12-31",2607748,100753,"10A261115"
Unilogic Canal Geek,Unilogic Canal Geek,Documentos Unilogic Canal Geek,"{""Pasta"":""128"",""Setor"":""RECURSOS HUMANOS"",""Periodo"":"""",""Assunto"":""TERMOS DE CESS\u00c3O DE DIREITOS DE IMAGEM"",""Observa\u00e7\u00e3o"":null,""Data do Documento"":""31\/12\/2021"",""Etiqueta"":""2607749""}","2021-12-31",2607749,100753,"10A261115"
Unilogic Canal Geek,Unilogic Canal Geek,Documentos Unilogic Canal Geek,"{""Pasta"":""120"",""Setor"":null,""Periodo"":""AGOSTO A DEZEMBRO 2020"",""Assunto"":""CANAL GEEK"",""Observa\u00e7\u00e3o"":""ABAS - IMPOSTOS, PJ, TERCEIROS, DESPESAS FIXAS, DESPESAS GERAIS, COLABORADORES FIXOS (BOLETOS, COMPROVANTES E RECIBOS DE PAGAMENTOS, FATURAS, GUIAS DE RECOLHIMENTO DE IMPOSTOS, NOTAS FISCAIS, B\u00d4NUS E COMISS\u00d5ES)"",""Data do Documento"":""31\/12\/2020"",""Etiqueta"":""2607741""}","2020-12-31",2607741,100752,"10A261116"
Unilogic Canal Geek,Unilogic Canal Geek,Documentos Unilogic Canal Geek,"{""Pasta"":""121"",""Setor"":""CONTABILIDADE"",""Periodo"":""2 QUINZENA DEZEMBRO 2020"",""Assunto"":""CANAL GEEK \/ UNILOGIC"",""Observa\u00e7\u00e3o"":""ABAS - CANAL GEEK -IMPOSTOS, TERCEIROS, DESPESAS GERAIS, COLABORADORES FIXOS \/ UNILOGIC - COMPROVANTES ANTERIORES, REEMBOLSOS FELIPE, DESPESAS FIXAS, DESPESAS GERAIS, COLABORADORES FIXOS, CLT (FATURAS, GUIAS DE RECOLHIMENTO DE IMPOSTOS, BOLETO, COMPROVANTES E RECIBOS DE PAGAMENTOS, NOTAS FISCAIS, B\u00d4NUS E COMISS\u00d5ES, HOLERITES)"",""Data do Documento"":""31\/12\/2020"",""Etiqueta"":""2607742""}","2020-12-31",2607742,100752,"10A261116"
Unilogic Canal Geek,Unilogic Canal Geek,Documentos Unilogic Canal Geek,"{""Pasta"":""122"",""Setor"":""CONTABILIDADE"",""Periodo"":""1 QUINZENA FEVEREIRO 2021"",""Assunto"":""CANAL GEEK"",""Observa\u00e7\u00e3o"":""ABAS - DESPESAS GERAIS, TERCEIROS, PJ, DESPESAS FIXAS, EQUIPAMENTOS, COLABORADORES FIXOS, COMPROVANTES ANTERIORES (FATURAS, BOLETOS, NOTAS FISCAIS, COMPROVANTES E RECIBOS DE PAGAMENTOS, GUIAS DE RECOLHIMENTO DE IMPOSTOS, EXAMES M\u00c9DICOS, COMISS\u00d5ES)"",""Data do Documento"":""15\/02\/2021"",""Etiqueta"":""2607743""}","2021-02-15",2607743,100752,"10A261116"
Unilogic Canal Geek,Unilogic Canal Geek,Documentos Unilogic Canal Geek,"{""Pasta"":""123"",""Setor"":""CONTABILIDADE"",""Periodo"":""2 QUINZENA FEVEREIRO 2021"",""Assunto"":""CANAL GEEK"",""Observa\u00e7\u00e3o"":""ABAS - DESPESAS GERAIS, COMPROVANTES ANTERIORES, COLABORADORES FIXOS, DESPESAS GERAIS, IMPOSTOS, EXTRATOS (COMPROVANTES E RECIBOS DE PAGAMENTOS, BOLETOS, B\u00d4NUS E COMISS\u00d5ES, NOTAS FISCAIS, EXTRATOS)"",""Data do Documento"":""28\/02\/2021"",""Etiqueta"":""2607744""}","2021-02-28",2607744,100752,"10A261116"
Unilogic Canal Geek,Unilogic Canal Geek,Documentos Unilogic Canal Geek,"{""Pasta"":""118"",""Setor"":""CONTABILIDADE"",""Periodo"":""SETEMBRO A DEZEMBRO 2019"",""Assunto"":""CANAL GEEK"",""Observa\u00e7\u00e3o"":""ABAS - GILSER, ELETROPAULO, VIVO, INSS, DAS, CARMEN, CAIO, SERGIO, LUIS FELIPE, DESPESAS DIVERSAS, SHEILA, FREE, MARIO, STEPHANIE, CAMILA, LUCIANA, VICENZO, FELIPE SELLANI, REEMBOLSOS DIVERSOS, GUILHERME, ADRIANO, PEDRO, GUSTAVO HENRIQUE, ALINE, PALOMA, TERCEIROS (BOLETOS, COMPROVANTES E RECIBOS DE PAGAMENTOS, FATURAS, GUIAS DE RECOLHIMENTO, NOTAS FISCAIS, COMISS\u00d5ES, COMPROVANTES DE GASTOS PARA REEMBOLSOS, TRANSFER\u00caNCIAS BANC\u00c1RIAS)"",""Data do Documento"":""31\/12\/2019"",""Etiqueta"":""2607739""}","2019-12-31",2607739,100751,"10A261117"
Unilogic Canal Geek,Unilogic Canal Geek,Documentos Unilogic Canal Geek,"{""Pasta"":""119"",""Setor"":null,""Periodo"":""JANEIRO A JULHO 2020"",""Assunto"":""CANAL GEEK"",""Observa\u00e7\u00e3o"":""ABAS - DESPESAS FIXAS, IMPOSTOS, PJ, COLABORADORES FIXOS, EVENTO, DIRETORIA, DESPESAS GERAIS (BOLETOS, COMPROVANTES E RECIBOS DE PAGAMENTOS, FATURAS, TAXA FISCALIZA\u00c7\u00c3O FUNCIONAMENTO, GUIAS DE RECOLHIMENTO DE IMPOSTOS, NOTAS FISCAIS, CONTROLE DE HORAS TRABALHADAS, CONTRATO LOCA\u00c7\u00c3O DE ROUPA, B\u00d4NUS E COMISS\u00d5ES)"",""Data do Documento"":""31\/07\/2020"",""Etiqueta"":""2607740""}","2020-07-31",2607740,100751,"10A261117"
Unilogic Canal Geek,Unilogic Canal Geek,Documentos Unilogic Canal Geek,"{""Pasta"":""115"",""Setor"":""CONTABILIDADE"",""Periodo"":""NOVEMBRO E DEZEMBRO 2017"",""Assunto"":""UNILOGIC ASSISTENCIA"",""Observa\u00e7\u00e3o"":""REGISTROS DE DESPESAS CANALTECHFIX, BOLETOS, COMPROVANTES E RECIBOS DE PAGAMETNOS, EXTRATOS, NOTAS FISCAIS, TRANSFER\u00caNCIAS BANC\u00c1RIAS)"",""Data do Documento"":""31\/12\/2017"",""Etiqueta"":""2607736""}","2017-12-31",2607736,100750,"10A261118"
Unilogic Canal Geek,Unilogic Canal Geek,Documentos Unilogic Canal Geek,"{""Pasta"":""116"",""Setor"":""CONTABILIDADE"",""Periodo"":""2018"",""Assunto"":""ASSISTENCIA"",""Observa\u00e7\u00e3o"":""ABAS - DESPESAS DIVERSAS, GILSER, ALUGUEL, VIVO, TERCEIROS, ELETROPAULO, CAIXINHA, GUILHERME, LUCAS T\u00c9CNICO, VICTOR, MOTOGIRL, REDE (COMPROVANTES E RECIBOS DE PAGAMENTOS, CERTIFICADOS DE GARANTIA, REGISTROS DE DESPESAS, BOLETOS, NOTAS FISCAIS, FATURAS, COMPROVANTES DE GASTOS PARA REEMBOLSOS)"",""Data do Documento"":""31\/12\/2018"",""Etiqueta"":""2607737""}","2018-12-31",2607737,100750,"10A261118"
Unilogic Canal Geek,Unilogic Canal Geek,Documentos Unilogic Canal Geek,"{""Pasta"":""117"",""Setor"":""CONTABILIDADE"",""Periodo"":""2019"",""Assunto"":""CANAL GEEK"",""Observa\u00e7\u00e3o"":""ABAS - DAS, VIVO, GILSER, ELETROPAULO, INSS, REEMBOLSOS DIVERSOS, MANUTEN\u00c7\u00c3O, DESPESAS DIVERSAS, PMSBC, MARIO, CARMEN, BRUNO, WAGNER, RAFAEL HYPOLITO, SHEILA, FREELANCER, JOYCE, CAIO, ALEJANDRO, GUILHERME, STEPHANIE, ADRIANO, PEDRO, LEONARDO, SERGIO, LUCIANA, PEDRO, ALINE (BOLETOS, FATURAS, GUIAS DE RECOLHIMENTO, COMPROVANTES E RECIBOS DE PAGAMENTOS, COMPROVANTES DE GASTOS PARA REEMBOLSOS, NOTAS FISCAIS, TAXA DE FUNCIONAMENTO, CONTROLES DE HOR\u00c1RIOS ESTAGI\u00c1RIOS, COMISS\u00d5ES)"",""Data do Documento"":""31\/12\/2019"",""Etiqueta"":""2607738""}","2019-12-31",2607738,100750,"10A261118"
Unilogic Canal Geek,Unilogic Canal Geek,Documentos Unilogic Canal Geek,"{""Pasta"":""112"",""Setor"":null,""Periodo"":null,""Assunto"":""OS 500 A 756"",""Observa\u00e7\u00e3o"":""ORDENS DE SERVICOS 500 A 756 ,EXTRATOS VENDAS CART\u00d5ES DE CR\u00c9DITO, RECIBO COMPRA E VENDA, PLANILHAS, NOTAS FISCAIS \""ASSIST\u00caNCIA\"" 2017 A 2018 - CANALTECHFIX \/ UNILOGIC"",""Data do Documento"":""31\/12\/2020"",""Etiqueta"":""2607733""}","2020-12-31",2607733,100749,"10A261119"
Unilogic Canal Geek,Unilogic Canal Geek,Documentos Unilogic Canal Geek,"{""Pasta"":""113"",""Setor"":""CONTABILIDADE"",""Periodo"":""2017"",""Assunto"":""ASSISTENCIA - 1"",""Observa\u00e7\u00e3o"":""ABAS - LUCAS T\u00c9CNICO, MAC MANIA, FOCUS, FERNANDO, COMPRAS, GILSER, DEVOLU\u00c7\u00d5ES, TERCEIROS, ESTOQUE, EQUIPAMENTOS, EXTRATOS (COMPROVANTES E RECIBOS DE PAGAMENTOS, BOLETOS, NOTAS FISCAIS, EXTRATOS)"",""Data do Documento"":""31\/12\/2017"",""Etiqueta"":""2607734""}","2017-12-31",2607734,100749,"10A261119"
Unilogic Canal Geek,Unilogic Canal Geek,Documentos Unilogic Canal Geek,"{""Pasta"":""114"",""Setor"":""CONTABILIDADE"",""Periodo"":""2017"",""Assunto"":""ASSISTENCIA - 2"",""Observa\u00e7\u00e3o"":""ABAS - CART\u00c3O ITAU, VICTOR, VIVO, PURIFICADOR DE \u00c1GUA, GUILHERME, ALUGUEL, ELETROPAULO, MOTOGIRL, M\u00d3VEIS, REDE, DESPESAS, SEGURO (FATURAS, COMPROVANTES E RECIBOS DE PAGAMENTOS, BOLETOS, TRANSFER\u00caNCIAS BANC\u00c1RIAS, NOTAS FISCAIS, PLANTA DE LAYOUT, PROPOSTAS COMERCIAIS, CUPONS FISCAIS)"",""Data do Documento"":""31\/12\/2017"",""Etiqueta"":""2607735""}","2017-12-31",2607735,100749,"10A261119"
Unilogic Canal Geek,Unilogic Canal Geek,Documentos Unilogic Canal Geek,"{""Pasta"":""109"",""Setor"":""CONTABILIDADE"",""Periodo"":""2019"",""Assunto"":""CANAL GEEK - 1"",""Observa\u00e7\u00e3o"":""ABAS - INSS , DAS, DESPESAS DIVERSAS, DARF'S, VIVO, ALEJANDRO, SHEILA, ELETROPAULO, ISS, MANUTEN\u00c7\u00c3O, GILSER, REEMBOLSOS (GUIAS DE RECOLHIMENTOS, COMPROVANTES E RECIBOS DE PAGAMENTOS, BOLETOS, FATURAS, COMPROVANTES DE GASTOS PARA REEMBOLSOS)"",""Data do Documento"":""31\/12\/2019"",""Etiqueta"":""2607730""}","2019-12-31",2607730,100748,"10A261120"
Unilogic Canal Geek,Unilogic Canal Geek,Documentos Unilogic Canal Geek,"{""Pasta"":""110"",""Setor"":""CONTABILIDADE"",""Periodo"":""2019"",""Assunto"":""CANAL GEEK - 1"",""Observa\u00e7\u00e3o"":""ABAS - ADRIANO, CAIO, DEREK, CARMEN, GUILHERME, JOYCE, LEONARDO, LUCIANA, SERGIO, STEPHANIE, WELLINGTON, FREELANCERS (NOTAS FISCAIS, COMPROVANTES E RECIBOS DE PAGAMENTOS, PLANILHA DE HORAS TRABALHADAS)"",""Data do Documento"":""31\/12\/2019"",""Etiqueta"":""2607731""}","2019-12-31",2607731,100748,"10A261120"
Unilogic Canal Geek,Unilogic Canal Geek,Documentos Unilogic Canal Geek,"{""Pasta"":""111"",""Setor"":"""",""Periodo"":"""",""Assunto"":""OS 001 A 499"",""Observa\u00e7\u00e3o"":""ORDENS DE SERVI\u00c7O 001 A 499 - CANALTECHFIX"",""Data do Documento"":""31\/12\/2019"",""Etiqueta"":""2607732""}","2019-12-31",2607732,100748,"10A261120"
Unilogic Canal Geek,Unilogic Canal Geek,Documentos Unilogic Canal Geek,"{""Pasta"":""105"",""Setor"":""CONTABILIDADE"",""Periodo"":""2018"",""Assunto"":""CANAL GEEK - 1"",""Observa\u00e7\u00e3o"":""ABAS - GILSER, PMSBC, REEMBOLSOS DIVERSOS, 9GIGA, DESPESAS DIVERSAS, MANUTEN\u00c7\u00c3O, DARF'S, ELETROPAULO, DAS, VIVO, CARMEN, FAXINEIRAS, TERCEIROS, INSS, RAFAEL HYPOLITO, STEPHANIE, GUILHERME, DOMINGOS, FREE CT, PATRICIA QUEIROZ, JOYCE, ADRIANO, LUCIANO, FOGA\u00c7A, CAIO, SERGIO, LEONARDO, WELLINGTON (BOLETOS, COMPROVANTES E RECIBOS DE PAGAMENTOS, IPTU, FATURAS, GUIAS DE RECOLHIMENTO DE IMPOSTOS, COMPROVANTES DE GASTOS PARA REEMBOLSOS, NOTAS FISCAIS)"",""Data do Documento"":""31\/12\/2018"",""Etiqueta"":""2607726""}","2018-12-31",2607726,100747,"10A261121"
Unilogic Canal Geek,Unilogic Canal Geek,Documentos Unilogic Canal Geek,"{""Pasta"":""106"",""Setor"":""CONTABILIDADE"",""Periodo"":""2018"",""Assunto"":""CANAL GEEK - 2"",""Observa\u00e7\u00e3o"":""ABAS - ADRIANO, GUILHERME, CAIO, JOYCE, DEREK, STEPHANIE, LEONARDO, SERGIO, LUCIANA, CARMEN, FREE CT, WELLINGTON (NOTAS FISCAIS, COMPROVANTES E RECIBOS DE PAGAMENTOS, REEMBOLSOS)"",""Data do Documento"":""31\/12\/2018"",""Etiqueta"":""2607727""}","2018-12-31",2607727,100747,"10A261121"
Unilogic Canal Geek,Unilogic Canal Geek,Documentos Unilogic Canal Geek,"{""Pasta"":""107"",""Setor"":""CONTABILIDADE"",""Periodo"":""2018"",""Assunto"":""CANAL GEEK - 2"",""Observa\u00e7\u00e3o"":""ABAS - DARF'S, INSS, 9GIGA, TERCEIROS, VIVO, ELETROPAULO, DAS, GILSER, ALEJANDRO, REEMBOLSOS DIVERSOS, MANUTEN\u00c7\u00c3O (GUIAS DE RECOLHIMENTOS, COMPROVANTES E RECIBOS DE PAGAMENTOS, FATURAS, BOLETOS, COMPROVANTES DE GASTOS PARA REEMBOLSOS)"",""Data do Documento"":""31\/12\/2018"",""Etiqueta"":""2607728""}","2018-12-31",2607728,100747,"10A261121"
Unilogic Canal Geek,Unilogic Canal Geek,Documentos Unilogic Canal Geek,"{""Pasta"":""108"",""Setor"":"""",""Periodo"":""2019"",""Assunto"":""CANAL GEEK "",""Observa\u00e7\u00e3o"":""ABAS - PEDRO, BEATRIZ, RAFAEL, BRUNO, EQUIPAMENTOS (COMPROVANTES E RECIBOS DE PAGAMENTOS)"",""Data do Documento"":""31\/12\/2019"",""Etiqueta"":""2607729""}","2019-12-31",2607729,100747,"10A261121"
Unilogic Canal Geek,Unilogic Canal Geek,Documentos Unilogic Canal Geek,"{""Pasta"":""101"",""Setor"":""CONTABILIDADE"",""Periodo"":""2017"",""Assunto"":""CANAL GEEK - 1"",""Observa\u00e7\u00e3o"":""ABAS - ADRIANO, CAIO, FOGA\u00c7A, LUCIANA, STEPHANIE, LEONARDO, SERGIO, WELLINGTON, DOMINGOS, CARMEN, RUDOLF, FREE CT (COMPROVANTES E RECIBOS DE PAGAMENTOS, PLANILHAS E COMPROVANTES DE GASTOS PARA REEMBOLSOS, NOTAS FISCAIS)"",""Data do Documento"":""31\/12\/2017"",""Etiqueta"":""2607722""}","2017-12-31",2607722,100746,"10A261122"
Unilogic Canal Geek,Unilogic Canal Geek,Documentos Unilogic Canal Geek,"{""Pasta"":""102"",""Setor"":""CONTABILIDADE"",""Periodo"":""2017"",""Assunto"":""CANAL GEEK - 2"",""Observa\u00e7\u00e3o"":""ABAS - DARF'S, DAS, INSS, PMSBC, DESPESAS DIVERSAS, VIVO, GILSER, ELETROPAULO, FAXINEIRAS, REEMBOLSOS DIVERSOS, JOYCE, PATRICIA QUEIROZ (GUIAS DE RECOLHIMENTO, COMPROVANTES E RECIBOS DE PAGAMENTOS, FATURAS, BOLETOS,PLANILHAS E COMPROVANTES DE GASTOS PARA REEMBOLSOS)"",""Data do Documento"":""31\/12\/2017"",""Etiqueta"":""2607723""}","2017-12-31",2607723,100746,"10A261122"
Unilogic Canal Geek,Unilogic Canal Geek,Documentos Unilogic Canal Geek,"{""Pasta"":""103"",""Setor"":""CONTABILIDADE"",""Periodo"":""NOVEMBRO A DEZEMBRO 2017"",""Assunto"":""CANAL GEEK "",""Observa\u00e7\u00e3o"":""COMPROVANTES DE PAGAMENTOS, FATURAS, NOTAS FISCAIS, TRANSFER\u00caNCIAS BANC\u00c1RIAS, FREELANCERS, BOLETOS, COMPROVANTES DE GASTOS PARA REEMBOLSOS, GUIAS DE RECOLHIMENTO DE IMPOSTOS)"",""Data do Documento"":""31\/12\/2017"",""Etiqueta"":""2607724""}","2017-12-31",2607724,100746,"10A261122"
Unilogic Canal Geek,Unilogic Canal Geek,Documentos Unilogic Canal Geek,"{""Pasta"":""104"",""Setor"":""CONTABILIDADE"",""Periodo"":""2018"",""Assunto"":""CANAL GEEK "",""Observa\u00e7\u00e3o"":""ABAS - DARF'S, REEMBOLSOS DIVERSOS, GILSER, VIVO, INSS, DAS, ELETROPAULO, GUILHERME, ALEJANDRO, CAIO, JOYCE, WELLINGTON, DEREK, LUCIANA, ADRIANO, SERGIO, LEONARDO, STEPHANIE, BEATRIZ, RAFAEL HYPOLITO, MANUTEN\u00c7\u00c3O (COMPROVANTES DE GASTOS PARA REEMBOLSOS, BOLETOS, COMPROVANTES E RECIBOS DE PAGAMENTOS, FATURAS, NOTAS FISCAIS)"",""Data do Documento"":""31\/12\/2018"",""Etiqueta"":""2607725""}","2018-12-31",2607725,100746,"10A261122"
Unilogic Canal Geek,Unilogic Canal Geek,Documentos Unilogic Canal Geek,"{""Pasta"":""096"",""Setor"":""CONTABILIDADE"",""Periodo"":""2 QUINZENA MARCO 2021"",""Assunto"":""UNILOGIC"",""Observa\u00e7\u00e3o"":""ABAS NUMERADAS POR DIA 18, 22, 25 E 26, 30 E OUTROS COMPROVANTES (EXTRATOS, NOTAS FISCAIS, PAGAMENTO DE ACORDOS, COMPROVANTES E RECIBOS E PAGAMENTOS, GUIAS DE RECOLHIMENTO DE IMPOSTOS, REEMBOLSOS, BOLETOS, FATURAS, F\u00c9RIAS)"",""Data do Documento"":""31\/03\/2021"",""Etiqueta"":""2607717""}","2021-03-31",2607717,100745,"10A261123"
Unilogic Canal Geek,Unilogic Canal Geek,Documentos Unilogic Canal Geek,"{""Pasta"":""097"",""Setor"":""CONTABILIDADE"",""Periodo"":""2016 \/ 2017"",""Assunto"":""CANAL GEEK - 1"",""Observa\u00e7\u00e3o"":""ABAS - GILSER, VIVO, ELETROPAULO, DARF'S, DAS, PMSBC, INSS, FREE CT, DESPESAS DIVERSAS, FABIANA, LEANDRO, ANDR\u00c9 (BOLETOS, COMPROVANTES E RECIBOS DE PAGAMENTOS, FATURAS, GUIAS DE RECOLHIMENTO, NOTAS FISCAIS, TRANSFER\u00caNCIAS BANC\u00c1RIAS, REEMBOLSOS)"",""Data do Documento"":""31\/12\/2017"",""Etiqueta"":""2607718""}","2017-12-31",2607718,100745,"10A261123"
Unilogic Canal Geek,Unilogic Canal Geek,Documentos Unilogic Canal Geek,"{""Pasta"":""098"",""Setor"":""CONTABILIDADE"",""Periodo"":""2016 \/ 2017"",""Assunto"":""CANAL GEEK - 2"",""Observa\u00e7\u00e3o"":""ABAS - ROMER, LUCIANA, EDUARDO, TERCEIROS, IGOR, PATRICIA QUEIROZ, FOGA\u00c7A, REEMBOLSOS DIVERSOS, GUILHERME, CARMEN, CAIO, LIMPEZA (TRANSFER\u00caNCIAS BANC\u00c1RIAS, NOTAS FISCAIS, COMPROVANTES E RECIBOS DE PAGAMENTOS, COMPROVANTES DE GASTOS PARA REEMBOLSO, COMISS\u00d5ES)"",""Data do Documento"":""31\/12\/2017"",""Etiqueta"":""2607719""}","2017-12-31",2607719,100745,"10A261123"
Unilogic Canal Geek,Unilogic Canal Geek,Documentos Unilogic Canal Geek,"{""Pasta"":""099"",""Setor"":""CONTABILIDADE"",""Periodo"":""JUNHO A DEZEMBRO 2017"",""Assunto"":""CANAL GEEK"",""Observa\u00e7\u00e3o"":""ABAS - ANDR\u00c9 CORTOPASSI, DOMINGOS, LUCIANA, LEONARDO, STEPHANIE, SERGIO, FOGA\u00c7A, WELLINGTON, FABIANA, JOYCE, PATRICIA QUEIROZ, CARMEN (NOTAS FISCAIS, COMPROVANTES E RECIBOS DE PAGAMENTOS, PLANILHAS E COMPROVANTES DE GASTOS PARA REEMBOLSOS)"",""Data do Documento"":""31\/12\/2017"",""Etiqueta"":""2607720""}","2017-12-31",2607720,100745,"10A261123"
Unilogic Canal Geek,Unilogic Canal Geek,Documentos Unilogic Canal Geek,"{""Pasta"":""100"",""Setor"":""CONTABILIDADE"",""Periodo"":""JUNHO A DEZEMBRO 2017"",""Assunto"":""CANAL GEEK"",""Observa\u00e7\u00e3o"":""ABAS - FAXINEIRAS, TERCEIROS, VIVO, PMSBC, ELETROPAULO, DAS, REEMBOLSOS DIVERSOS, CAIO, INSS, DARF'S, GILSER, DESPESAS DIVERSAS (FATURAS, IPTU, COMPROVANTES E RECIBOS DE PAGAMENTOS, GUIAS DE RECOLHIMENTO, COMPROVANTES DE GASTOS PARA REEMBOLSOS, BOLETOS, NOTAS FISCAIS DE SERVI\u00c7O (SA\u00cdDA) 2017 A 2019)"",""Data do Documento"":""31\/12\/2017"",""Etiqueta"":""2607721""}","2017-12-31",2607721,100745,"10A261123"
Unilogic Canal Geek,Unilogic Canal Geek,Documentos Unilogic Canal Geek,"{""Pasta"":""092"",""Setor"":""CONTABILIDADE"",""Periodo"":""2 QUINZENA JANEIRO 2021"",""Assunto"":""UNILOGIC \/ CANAL GEEK"",""Observa\u00e7\u00e3o"":""ABAS - UNILOGIC - COLABORADORES FIXOS, CLT, IMPOSTOS, TERCEIROS, DESPESAS FIXAS, EQUIPAMENTOS, IMPOSTOS, DESPESAS GERAIS, PJ \/ CANAL GEEK - COLABORADORES FIXOS, PJ, EQUIPAMENTOS, DESPESAS GERAIS, DESPESAS FIXAS, IMPOSTOS, COMPROVANTES ANTERIORES ( EXTRATO BANC\u00c1RIO, BOLETO, NOTAS FISCAIS, COPROVANTES DE PAGAMENTOS, RELAT\u00d3RIOS DE COMISS\u00d5ES)"",""Data do Documento"":""31\/01\/2021"",""Etiqueta"":""2607713""}","2021-01-31",2607713,100744,"10A261124"
Unilogic Canal Geek,Unilogic Canal Geek,Documentos Unilogic Canal Geek,"{""Pasta"":""093"",""Setor"":""CONTABILIDADE"",""Periodo"":""1 QUINZENA FEVEREIRO 2021"",""Assunto"":""UNILOGIC"",""Observa\u00e7\u00e3o"":""ABAS NUMERADAS POR DIA 01 A 03, 05, 08 A 12 E 17 E COMPROVANTES ANTERIORES (BOLETOS, NOTAS FISCAIS, COMPROVANTES E RECIBOS DE PAGAMENTOS, HOLERITES, F\u00c9RIAS, TRANSFER\u00caNCIAS BANC\u00c1RIAS, COMPROVANTES DE GASTOS PARA REEMBOLSOS, EXAMES M\u00c9DICOS, FATURAS)"",""Data do Documento"":""15\/02\/2021"",""Etiqueta"":""2607714""}","2021-02-15",2607714,100744,"10A261124"
Unilogic Canal Geek,Unilogic Canal Geek,Documentos Unilogic Canal Geek,"{""Pasta"":""094"",""Setor"":""CONTABILIDADE"",""Periodo"":""2 QUINZENA FEVEREIRO 2021"",""Assunto"":""UNILOGIC"",""Observa\u00e7\u00e3o"":""ABAS NUMERADAS POR DIA 11, 13, 17 E 18, 22 A 26 E COMPROVANTES ANTERIORES, JANEIRO E EXTRATOS (NOTAS FISCAIS, REEMBOLSOS, COMPROVANTES E RECIBOS DE PAGAMENTOS, RESCIS\u00d5ES, GUIAS DE RECOLHIMENTO DE IMPOSTOS, BOLETOS, TRANSFER\u00caNCIAS BANC\u00c1RIAS, EXTRATOS)"",""Data do Documento"":""28\/02\/2021"",""Etiqueta"":""2607715""}","2021-02-28",2607715,100744,"10A261124"
Unilogic Canal Geek,Unilogic Canal Geek,Documentos Unilogic Canal Geek,"{""Pasta"":""095"",""Setor"":""CONTABILIDADE"",""Periodo"":""1 QUINZENA MARCO 2021"",""Assunto"":""UNILOGIC"",""Observa\u00e7\u00e3o"":""ABAS NUMERADAS POR DIA 01 E 02, 04 E 05, 08 A 10, 12 E 15, 28\/02, 24\/02 E COMPROVANTES ANTERIORES (EXTRATOS, COMPROVANTES E RECIBOS DE PAGAMENTOS, NOTAS FISCAIS, HOLERITES, REEMBOLSOS, COMISS\u00d5ES, FATURAS, TRANSFER\u00caNCIAS BANC\u00c1RIAS)"",""Data do Documento"":""15\/03\/2021"",""Etiqueta"":""2607716""}","2021-03-15",2607716,100744,"10A261124"
Unilogic Canal Geek,Unilogic Canal Geek,Documentos Unilogic Canal Geek,"{""Pasta"":""089"",""Setor"":null,""Periodo"":""AGOSTO A DEZEMBRO 2020"",""Assunto"":""UNILOGIC"",""Observa\u00e7\u00e3o"":""ABAS - TERCEIROS, DESPESAS GERAIS, PJ, COLABORADORES FIXOS, CLT, IMPOSTOS, DIRETORIA, REEMBOLSOS DOMINGOS, DESPESAS FIXAS (NOTAS FISCAIS, COMPROVANTES E RECIBOS DE PAGAMENTOS, BOLETOS, HOLERITES, F\u00c9RIAS, TRANSFER\u00caNCIAS BANC\u00c1RIAS, GUIAS DE RECOLHIMENTO DE IMPOSTOS, FATURAS, PLANILHAS DE REEMBOLSOS, COMPROVANTES DE GASTOS)"",""Data do Documento"":""31\/12\/2020"",""Etiqueta"":""2607711""}","2020-12-31",2607711,100743,"10A270101"
Unilogic Canal Geek,Unilogic Canal Geek,Documentos Unilogic Canal Geek,"{""Pasta"":""090"",""Setor"":""CONTABILIDADE"",""Periodo"":""1 QUINZENA DEZEMBRO 2020"",""Assunto"":""UNILOGIC \/ CANALGEEK"",""Observa\u00e7\u00e3o"":""ABAS - UNILOGIC - DESPESAS GERAIS, DESPESAS FIXAS, COLABORADORES FIXOS, TERCEIROS, CLT, IMPOSTOS, REEMBOLSOS FELIPE, REEMBOLSOS DOMINGOS, COMPROVANTES ANTERIORES \/ CANAL GEEK - DESPESAS GERAIS, IMPOSTOS, TERCEIROS, PJ, COLABORADORES FIXOS, DESPESAS FIXAS (NOTAS FISCAIS, COMPROVANTES E RECIBOS DE PAGAMENTOS, DISTRATO, BOLETOS, HOLERITES, GUIAS DE RECOLHIMENTO DE IMPOSTOS, TRANSFER\u00caNCIAS BANC\u00c1RIAS, PLANILHAS DE REEMBOLSO, COMPROVANTES DE GASTOS)"",""Data do Documento"":""15\/12\/2020"",""Etiqueta"":""2607712""}","2020-12-15",2607712,100743,"10A270101"
Unilogic Canal Geek,Unilogic Canal Geek,Documentos Unilogic Canal Geek,"{""Pasta"":""088"",""Setor"":null,""Periodo"":""AGOSTO A DEZEMBRO 2020"",""Assunto"":""FATURAS CARTOES DE CREDITO"",""Observa\u00e7\u00e3o"":""ABAS - BB 12, BB 25 , ITAU BLACK 9, PORTO 16 ( FATURAS E COMPROVANTES DE PAGAMENTOS)"",""Data do Documento"":""31\/12\/2020"",""Etiqueta"":""2607709""}","2020-12-31",2607709,100742,"10A270102"
Unilogic Canal Geek,Unilogic Canal Geek,Documentos Unilogic Canal Geek,"{""Pasta"":""091"",""Setor"":""CONTABILIDADE"",""Periodo"":""1 QUINZENA JANEIRO 2021"",""Assunto"":""UNILOGIC \/ CANAL GEEK"",""Observa\u00e7\u00e3o"":""ABAS - UNILOGIC - IMPOSTOS, TERCEIROS, DESPESAS FIXAS, COLABORADORES FIXOS, CLT, OUTRAS DESPESAS, PJ, COMPROVANTES ANTERIORES \/ CANAL GEEK - COMPROVANTES ANTERIORES, OUTRAS DESPESAS, PJ, COLABORADORES FIXOS, IMPOSTOS, DESPESAS FIXAS (NOTAS FISCAIS, HOLERITES, IPTU, GUIAS DE RECOLHIMENTO DE IMPOSTOS, COMPROVANTES E RECIBOS DE PAGAMENTOS, FATURAS, BOLETOS, TRANSFER\u00caNCIAS BANC\u00c1RIAS)"",""Data do Documento"":""15\/01\/2021"",""Etiqueta"":""2607710""}","2021-01-15",2607710,100742,"10A270102"
Unilogic Canal Geek,Unilogic Canal Geek,Documentos Unilogic Canal Geek,"{""Pasta"":""086"",""Setor"":null,""Periodo"":""JANEIRO A JULHO 2020"",""Assunto"":""UNILOGIC"",""Observa\u00e7\u00e3o"":""ABAS - 99, CONDOM\u00cdNIO, ALUGUEL, FGTS, DAS, INSS, DESENVOLVE, ISS, VIVO, DESPESAS DIVERSAS, ELETROPAULO, CLARO, SEGURO, GILSER, ASPBRASIL, SANTA HELENA, DARF'S, TAIN\u00c1, GARE ICM,VR, Nfe, PURUFICADOR DE \u00c1GUA, DOMINIOS, TRAY, BLING (COMPROVANTES E RECIBOS DE PAGAMENTOS, BOLETOS, GUIAS DE RECOLHIMENTO, FATURAS, NOTAS FISCAIS)"",""Data do Documento"":""31\/07\/2020"",""Etiqueta"":""2607707""}","2020-07-31",2607707,100741,"10A270103"
Unilogic Canal Geek,Unilogic Canal Geek,Documentos Unilogic Canal Geek,"{""Pasta"":""087"",""Setor"":null,""Periodo"":""2020"",""Assunto"":""NOTAS FISCAIS"",""Observa\u00e7\u00e3o"":""NOTAS FISCAIS DE SERVI\u00c7O ( SA\u00cdDA ) - CANAL GEEK \/ UNILOGIC"",""Data do Documento"":""31\/12\/2020"",""Etiqueta"":""2607708""}","2020-12-31",2607708,100741,"10A270103"
Unilogic Canal Geek,Unilogic Canal Geek,Documentos Unilogic Canal Geek,"{""Pasta"":""084"",""Setor"":null,""Periodo"":""JANEIRO A JULHO 2020"",""Assunto"":""FATURAS CARTOES DE CREDITO"",""Observa\u00e7\u00e3o"":""ABAS - ITAU VISA, PORTO, ITAU BLACK, CAIXA BLACK, SUBMARINO (FATURAS E COMPROVANTES DE PAGAMENTOS)"",""Data do Documento"":""31\/07\/2020"",""Etiqueta"":""2607705""}","2020-07-31",2607705,100740,"10A270104"
Unilogic Canal Geek,Unilogic Canal Geek,Documentos Unilogic Canal Geek,"{""Pasta"":""085"",""Setor"":null,""Periodo"":""JANEIRO A JULHO 2020"",""Assunto"":""UNILOGIC"",""Observa\u00e7\u00e3o"":""ABAS - DOMINGOS, FELIPE, PATRICIA QUEIROZ, RAFAEL HYPOLITO, ADRIANA, ALEJANDRO, BEATRIZ VACCARI, EDILEUDA, GUADALUPE, ISABEL, GIOVANNA, MATHEUS, MARIANA, TALITA, WAGNER, WILLIAM JOHNNY, FRANCIELLE, CAIO, BB, NATHALIA, MAYARA, REEMBOLSO FELIPE, REEMBOLSO DOMINGOS, GUILHERME, PMSBC, SUZANA, FERNANDO, TERCEIROS, EVENTO, REEMBOLSO DIVERSOS (COMPROVANTES E RECIBOS DE PAGAMENTOS, HOLERITES, F\u00c9RIAS, NOTAS FISCAIS, IPTU, COMPROVANTES DE GASTOS, PLANILHAS DE REEMBOLSO, TRANSFER\u00caNCIAS BANC\u00c1RIAS)"",""Data do Documento"":""31\/07\/2020"",""Etiqueta"":""2607706""}","2020-07-31",2607706,100740,"10A270104"
Unilogic Canal Geek,Unilogic Canal Geek,Documentos Unilogic Canal Geek,"{""Pasta"":""081"",""Setor"":""CONTABILIDADE"",""Periodo"":""SETEMBRO A DEZEMBRO 2019"",""Assunto"":""UNILOGIC"",""Observa\u00e7\u00e3o"":""ABAS - ALUGUEL, CONDOM\u00cdNIO, CLARO, NET, VIVO, PURIFICADOR DE \u00c1GUA, VR, SANTA HELENA, GILSER, DOMINIOS, SEGURO, ELETROPAULO, ASPBRASIL, TERCEIROS, DESENVOLVE, Nfe, BLING, CART\u00c3O SUBMARINO, ISS, 99, FGTS, INSS, DARF'S, DAS, CART\u00c3O ITAU VISA, CART\u00c3O CAIXA BLACK, CART\u00c3O PORTO, RAFAEL HYPOLITO, CART\u00c3O ITAU BLACK, CART\u00c3O NU BANK (BOLETOS, FATURAS, COMPROVANTES E RECIBOS DE PAGAMENTOS, NOTAS FISCAIS, GUIAS DE RECOLHIMENTO)"",""Data do Documento"":""31\/12\/2019"",""Etiqueta"":""2607703""}","2019-12-31",2607703,100739,"10A270105"
Unilogic Canal Geek,Unilogic Canal Geek,Documentos Unilogic Canal Geek,"{""Pasta"":""083"",""Setor"":""CONTABILIDADE"",""Periodo"":""SETEMBRO A DEZEMBRO 2019"",""Assunto"":""UNILOGIC - PAGAMENTOS"",""Observa\u00e7\u00e3o"":""ABAS - TERCEIROS, ADV DOUGLAS, FREELANCER, CAIO, REEMBOLSOS DIVERSOS, DESPESAS DIVERSAS (COMPROVANTES E RECIBOS DE PAGAMENTOS, TRANSFER\u00caNCIAS BANC\u00c1RIAS, BOLETOS, COMPROVANTES DE GASTOS)"",""Data do Documento"":""31\/12\/2019"",""Etiqueta"":""2607704""}","2019-12-31",2607704,100739,"10A270105"
Unilogic Canal Geek,Unilogic Canal Geek,Documentos Unilogic Canal Geek,"{""Pasta"":""080"",""Setor"":""CONTABILIDADE"",""Periodo"":""2019"",""Assunto"":""UNILOGIC - 2"",""Observa\u00e7\u00e3o"":""ABAS - TERCEIROS, DARF'S, FGTS, DAS, ISS, INSS, DESENVOLVE, ADV DOUGLAS, CLARO, VIVO, 99, NOTAS FISCAIS, BLING, SEGURO, GILSER, VR, DOM\u00cdNIOS, NET, ALUGUEL, CONDOM\u00cdNIO, SANTA HELENA, ASPBRASIL, PURIFICADOR DE \u00c1GUA, CART\u00d5ES DE CR\u00c9DITO, ALEJANDRO, ELETROPAULO, DESPESAS DIVERSAS, REEMBOLSOS DIVERSOS (BOLETOS, FATURAS, COMPROVANTES E RECIBOS DE PAGAMENTO, GUIAS DE RECOLHIMENTO, NOTAS FISCAIS, NOTAS DE D\u00c9BITO)"",""Data do Documento"":""31\/12\/2019"",""Etiqueta"":""2607701""}","2019-12-31",2607701,100738,"10A270106"
Unilogic Canal Geek,Unilogic Canal Geek,Documentos Unilogic Canal Geek,"{""Pasta"":""082"",""Setor"":""CONTABILIDADE"",""Periodo"":""SETEMBRO A DEZEMBRO 2019"",""Assunto"":""UNILOGIC"",""Observa\u00e7\u00e3o"":""ABAS - DOMINGOS, FELIPE, CARMEN, ALEJANDRO, ADRIANA, ARTHUR, ADRIANO, ALINE, EDILEUDA, GEORDY, BEATRIZ VACCARI, FELIPE REEMBOLSOS, GUSTAVO ROBERTO, GIOVANNA, GUILHERME, FERNANDO, FRANCIELLE, MARIANA, MATHEUS, REEMBOLSOS DIVERSOS DHN, GUADALUPE, KELLY, ISABEL, WAGNER, PEDRO, SERGIO, PATRICIA QUEIROZ, TALITA, WILLIAM JOHNNY, RAFAEL MANDELLI, RENAN (COMPROVANTES E RECIBOS DE PAGAMENTOS, HOLERITES, RESCIS\u00d5ES, NOTAS FISCAIS, COMPROVANTES DE GASTOS, TRANSFER\u00caNCIAS BANC\u00c1RIAS)"",""Data do Documento"":""31\/12\/2019"",""Etiqueta"":""2607702""}","2019-12-31",2607702,100738,"10A270106"
Unilogic Canal Geek,Unilogic Canal Geek,Documentos Unilogic Canal Geek,"{""Pasta"":""077"",""Setor"":""RECURSOS HUMANOS"",""Periodo"":null,""Assunto"":""DESLIGADOS - S \/ T \/ U \/ V \/ W \/ X \/ Y \/ Z"",""Observa\u00e7\u00e3o"":""DOSSI\u00caS DE FUNCION\u00c1RIOS, FICHAS CADASTRAIS FREELANCER PJ, DOCUMENTOS ESTAGI\u00c1RIOS"",""Data do Documento"":""31\/12\/2020"",""Etiqueta"":""2607698""}","2020-12-31",2607698,100737,"10A270107"
Unilogic Canal Geek,Unilogic Canal Geek,Documentos Unilogic Canal Geek,"{""Pasta"":""078"",""Setor"":null,""Periodo"":""2020"",""Assunto"":""PI'S - PEDIDOS DE INSER\u00c7\u00c3O - AG\u00caNCIAS"",""Observa\u00e7\u00e3o"":""PEDIDOS DE INSER\u00c7\u00c3O, DADOS SOBRE FATURAMENTO, FECHAMENTOS DE COMISS\u00d5ES E EMISS\u00c3O DE NOTAS FISCAIS"",""Data do Documento"":""31\/12\/2020"",""Etiqueta"":""2607699""}","2020-12-31",2607699,100737,"10A270107"
Unilogic Canal Geek,Unilogic Canal Geek,Documentos Unilogic Canal Geek,"{""Pasta"":""079"",""Setor"":""CONTABILIDADE"",""Periodo"":""2019"",""Assunto"":""UNILOGIC - 2"",""Observa\u00e7\u00e3o"":""ABAS - ADRIANA, BEATRIZ VACCARI, GUSTAVO ADAMI, GUSTAVO ROBERTO, GIOVANNA, LUANA, PATRICIA BUENO, TALITA, WILLIAM JOHNNY, PATRICIA QUEIROZ, GUILHERME, CARMEN, DOMINGOS, FELIPE, FAXNEIRAS, FREE, WELLINGTON, ALINE, CAIO, MARIANA, FRAN, LUCIANA, CAMILA, SERGIO, MATHEUS, EDILEUDA, KELLY, FERNANDO, PEDRO, BB, 9GIGA (HOLERITES, RESCIS\u00d5ES, F\u00c9RIAS, COMPROVANTES E RECIBOS DE PAGAMENTOS, PLANILHAS DE REEMBOLSOS, COMPROVANTES DE GASTOS, NOTAS FISCAIS, TRANSFER\u00caNCIAS BANC\u00c1RIAS)"",""Data do Documento"":""31\/12\/2019"",""Etiqueta"":""2607700""}","2019-12-31",2607700,100737,"10A270107"
Unilogic Canal Geek,Unilogic Canal Geek,Documentos Unilogic Canal Geek,"{""Pasta"":""076"",""Setor"":""RECURSOS HUMANOS"",""Periodo"":null,""Assunto"":""DESLIGADOS - R"",""Observa\u00e7\u00e3o"":""DOSSI\u00caS DE FUNCION\u00c1RIOS, FICHAS CADASTRAIS FREELANCER PJ, DOCUMENTOS ESTAGI\u00c1RIOS"",""Data do Documento"":""31\/12\/2020"",""Etiqueta"":""2607697""}","2020-12-31",2607697,100736,"10A270108"
Unilogic Canal Geek,Unilogic Canal Geek,Documentos Unilogic Canal Geek,"{""Pasta"":""075"",""Setor"":""RECURSOS HUMANOS"",""Periodo"":null,""Assunto"":""DESLIGADOS - M \/ N \/ O \/ P"",""Observa\u00e7\u00e3o"":""DOSSI\u00caS DE FUNCION\u00c1RIOS, FICHAS CADASTRAIS FREELANCER PJ, DOCUMENTOS ESTAGI\u00c1RIOS"",""Data do Documento"":""31\/12\/2020"",""Etiqueta"":""2607696""}","2020-12-31",2607696,100735,"10A270109"
Unilogic Canal Geek,Unilogic Canal Geek,Documentos Unilogic Canal Geek,"{""Pasta"":""074"",""Setor"":""RECURSOS HUMANOS"",""Periodo"":null,""Assunto"":""DESLIGADOS - L"",""Observa\u00e7\u00e3o"":""DOSSI\u00caS DE FUNCION\u00c1RIOS, FICHAS CADASTRAIS FREELANCER PJ, DOCUMENTOS ESTAGI\u00c1RIOS"",""Data do Documento"":""31\/12\/2020"",""Etiqueta"":""2607695""}","2020-12-31",2607695,100734,"10A270110"
Unilogic Canal Geek,Unilogic Canal Geek,Documentos Unilogic Canal Geek,"{""Pasta"":""073"",""Setor"":""RECURSOS HUMANOS"",""Periodo"":null,""Assunto"":""DESLIGADOS - G \/ H \/ I \/ J \/ K"",""Observa\u00e7\u00e3o"":""DOSSI\u00caS DE FUNCION\u00c1RIOS, FICHAS CADASTRAIS FREELANCER PJ, DOCUMENTOS ESTAGI\u00c1RIOS"",""Data do Documento"":""31\/12\/2020"",""Etiqueta"":""2607694""}","2020-12-31",2607694,100733,"10A270111"
Unilogic Canal Geek,Unilogic Canal Geek,Documentos Unilogic Canal Geek,"{""Pasta"":""072"",""Setor"":""RECURSOS HUMANOS"",""Periodo"":null,""Assunto"":""DESLIGADOS - F"",""Observa\u00e7\u00e3o"":""DOSSI\u00caS DE FUNCION\u00c1RIOS, FICHAS CADASTRAIS FREELANCER PJ, DOCUMENTOS ESTAGI\u00c1RIOS"",""Data do Documento"":""31\/12\/2020"",""Etiqueta"":""2607693""}","2020-12-31",2607693,100732,"10A270112"
Unilogic Canal Geek,Unilogic Canal Geek,Documentos Unilogic Canal Geek,"{""Pasta"":""071"",""Setor"":""RECURSOS HUMANOS"",""Periodo"":null,""Assunto"":""DESLIGADOS - D \/ E"",""Observa\u00e7\u00e3o"":""DOSSI\u00caS DE FUNCION\u00c1RIOS, FICHAS CADASTRAIS FREELANCER PJ, DOCUMENTOS ESTAGI\u00c1RIOS"",""Data do Documento"":""31\/12\/2020"",""Etiqueta"":""2607692""}","2020-12-31",2607692,100731,"10A270113"
Unilogic Canal Geek,Unilogic Canal Geek,Documentos Unilogic Canal Geek,"{""Pasta"":""070"",""Setor"":""RECURSOS HUMANOS"",""Periodo"":null,""Assunto"":""DESLIGADOS - B \/ C"",""Observa\u00e7\u00e3o"":""DOSSI\u00caS DE FUNCION\u00c1RIOS, FICHAS CADASTRAIS FREELANCER PJ, DOCUMENTOS ESTAGI\u00c1RIOS"",""Data do Documento"":""31\/12\/2020"",""Etiqueta"":""2607691""}","2020-12-31",2607691,100730,"10A270114"
Unilogic Canal Geek,Unilogic Canal Geek,Documentos Unilogic Canal Geek,"{""Pasta"":""069"",""Setor"":""RECURSOS HUMANOS"",""Periodo"":null,""Assunto"":""DESLIGADOS - A"",""Observa\u00e7\u00e3o"":""DOSSI\u00caS DE FUNCION\u00c1RIOS, FICHAS CADASTRAIS FREELANCER PJ, DOCUMENTOS ESTAGI\u00c1RIOS"",""Data do Documento"":""31\/12\/2020"",""Etiqueta"":""2607690""}","2020-12-31",2607690,100729,"10A270115"
Unilogic Canal Geek,Unilogic Canal Geek,Documentos Unilogic Canal Geek,"{""Pasta"":""065"",""Setor"":""CONTABILIDADE"",""Periodo"":""2019"",""Assunto"":""UNILOGIC - 1"",""Observa\u00e7\u00e3o"":""ABAS - ADV DOUGLAS, GILSER, ALUGUEL, CONDOM\u00cdNIO, SANTA HELENA, VR, PURIFICADOR DE \u00c1GUA, ELETROPAULO, NET, CLARO, VIVO, BANCO DO BRASIL (COMPROVANTES DE PAGAMENTOS, NOTAS DE D\u00c9BITO, BOLETOS, FATURAS)"",""Data do Documento"":""31\/12\/2019"",""Etiqueta"":""2607686""}","2019-12-31",2607686,100728,"10A270116"
Unilogic Canal Geek,Unilogic Canal Geek,Documentos Unilogic Canal Geek,"{""Pasta"":""066"",""Setor"":""CONTABILIDADE"",""Periodo"":""2019"",""Assunto"":""UNILOGIC - 1"",""Observa\u00e7\u00e3o"":""ABAS - DOMINGOS, FELIPE, CARMEN, PATRICIA QUEIROZ, ADRIANA, GUSTAVO ADAMI, HEBERT, PATRICIA BUENO, TALITA, WILLIAM JOHNNY, GUILHERME, FAXINEIRAS (PLANILHAS DE REEMBOLSO, COMPROVANTES E RECIBOS DE PAGAMENTOS, HOLERITES, F\u00c9RIAS, RESCIS\u00d5ES, NOTAS FISCAIS)"",""Data do Documento"":""31\/12\/2019"",""Etiqueta"":""2607687""}","2019-12-31",2607687,100728,"10A270116"
Unilogic Canal Geek,Unilogic Canal Geek,Documentos Unilogic Canal Geek,"{""Pasta"":""067"",""Setor"":""CONTABILIDADE"",""Periodo"":""2019"",""Assunto"":""UNILOGIC - 1"",""Observa\u00e7\u00e3o"":""ABAS - TERCEIROS, DOMINIOS, PMSBC, DAS, INSS, FGTS, DARF'S ISS, SEGURO, DESENVOLVE, MANUTEN\u00c7\u00c3O, 9GIGA (BOLETOS, NOTAS FISCAIS, COMPROVANTES E RECIBOS DE PAGAMENTOS, GUIAS DE RECOLHIMENTO)"",""Data do Documento"":""31\/12\/2019"",""Etiqueta"":""2607688""}","2019-12-31",2607688,100728,"10A270116"
Unilogic Canal Geek,Unilogic Canal Geek,Documentos Unilogic Canal Geek,"{""Pasta"":""068"",""Setor"":""CONTABILIDADE"",""Periodo"":""2019"",""Assunto"":""UNILOGIC - 1"",""Observa\u00e7\u00e3o"":""ABAS - FREE, WELLINGTON, LUANA, BEATRIZ MOD, STEPHANIE, BRUNO, GIOVANNA, BEATRIZ VACCARI, BLING, CONTAS CORRENTE, NOTAS FISCAIS (BOLETOS, COMPROVANTES E RECIBOS DE PAGAMENTOS, HOLERITES, RESCIS\u00d5ES, EXTRATOS)"",""Data do Documento"":""31\/12\/2019"",""Etiqueta"":""2607689""}","2019-12-31",2607689,100728,"10A270116"
Unilogic Canal Geek,Unilogic Canal Geek,Documentos Unilogic Canal Geek,"{""Pasta"":""060"",""Setor"":""CONTABILIDADE"",""Periodo"":""2018"",""Assunto"":""UNILOGIC - 2"",""Observa\u00e7\u00e3o"":""ABAS - ADRIANA, WILLIAM JOHNNY, HEBERT, PATRICIA BUENO, MATHEUS MENUCCI, ALEJANDRO, DEREK, GUSTAVO ADAMI, GUILHERME, SHEILA, PEDRO, TALITA (HOLERITES, COMPROVANTESE RECIBOS DE PAGAMENTOS, F\u00c9RIAS, RESCIS\u00d5ES)"",""Data do Documento"":""31\/12\/2018"",""Etiqueta"":""2607681""}","2018-12-31",2607681,100727,"10A270117"
Unilogic Canal Geek,Unilogic Canal Geek,Documentos Unilogic Canal Geek,"{""Pasta"":""061"",""Setor"":""CONTABILIDADE"",""Periodo"":""2018"",""Assunto"":""UNILOGIC - 2"",""Observa\u00e7\u00e3o"":""ABAS - CONTA BB, SEGURO, TERCEIROS, ADV DOUGLAS, DARF'S, DAS, FGTS, INSS, ISS, GARE, 9GIGA, C\u00c2MBIO REC (INFORME DE RENDIMENTO, COMPROVANTES DE PAGAMENTOS, NOTAS DE D\u00c9BITO, GUIAS DE RECOLHIMENTO, ORDENS DE PAGAMENTOS RECEBIDAS)"",""Data do Documento"":""31\/12\/2018"",""Etiqueta"":""2607682""}","2018-12-31",2607682,100727,"10A270117"
Unilogic Canal Geek,Unilogic Canal Geek,Documentos Unilogic Canal Geek,"{""Pasta"":""062"",""Setor"":""CONTABILIDADE"",""Periodo"":""2018"",""Assunto"":""UNILOGIC - 3"",""Observa\u00e7\u00e3o"":""ABAS - ALUGUEL, VR, VIVO, 99, CLARO, DOMINIOS, DESENVOLVE, SANTA HELENA, REEMBOLSOS DIVERSOS, ADV DOUGLAS, CART\u00d5ES DE CR\u00c9DITO (BOLETOS, FATURAS, COMPROVANTES DE PAGAMENTOS, NOTAS FISCAIS, TRANSFER\u00caNCIAS BANC\u00c1RIAS, NOTA DE D\u00c9BITO)"",""Data do Documento"":""31\/12\/2018"",""Etiqueta"":""2607683""}","2018-12-31",2607683,100727,"10A270117"
Unilogic Canal Geek,Unilogic Canal Geek,Documentos Unilogic Canal Geek,"{""Pasta"":""063"",""Setor"":""CONTABILIDADE"",""Periodo"":""2018"",""Assunto"":""UNILOGIC - 2"",""Observa\u00e7\u00e3o"":""ABAS - DOMINGOS, FELIPE, CARMEN, WELLINGTON, CAIO FREELANCER, FAXINEIRAS, JOYCE, DOMINIOS, LUCIANA, PATRICIA QUEIROZ, 99 (TRANSFER\u00caNCIAS BANC\u00c1RIAS, PLANILHAS DE REEMBOLSOS, COMPROVANTES DE GASTOS, COMPROVANTES E RECIBOS DE PAGAMENTOS, NOTAS FISCAIS, BOLETOS)"",""Data do Documento"":""31\/12\/2018"",""Etiqueta"":""2607684""}","2018-12-31",2607684,100727,"10A270117"
Unilogic Canal Geek,Unilogic Canal Geek,Documentos Unilogic Canal Geek,"{""Pasta"":""064"",""Setor"":""CONTABILIDADE"",""Periodo"":""2019"",""Assunto"":""UNILOGIC - 1"",""Observa\u00e7\u00e3o"":""ABAS - ASPBRASIL, 99, DESPESAS DIVERSAS, EXAMES M\u00c9DICOS E CORREIO, REEMBOLSO DIVERSOS, CART\u00d5ES DE CR\u00c9DITO, PROGMEDIA, CAIO, C\u00c2MBIO, PEDRO, SHEILA (BOLETOS, NOTAS FISCAIS, COMPROVANTES E RECIBOS DE PAGAMENTOS, TRANSFER\u00caNCIAS BANC\u00c1RIAS, COMPROVANTES DE GASTOS, COMISS\u00d5ES)"",""Data do Documento"":""31\/12\/2019"",""Etiqueta"":""2607685""}","2019-12-31",2607685,100727,"10A270117"
Unilogic Canal Geek,Unilogic Canal Geek,Documentos Unilogic Canal Geek,"{""Pasta"":""056"",""Setor"":""CONTABILIDADE"",""Periodo"":""2018"",""Assunto"":""MATRIZ - 1"",""Observa\u00e7\u00e3o"":""ABAS - REEMBOLSOS DIVERSOS , VIVO, VR, PROGMEDIA, SEGURO, PMSBC, DAS, ISS, INSS, DARF'S, DOMINIOS, ELETROPAULO, DESPESAS DIVERSAS, SANTA HELENA, NET, PURIFICADOR DE \u00c1GUA, FGTS, GILSER, CLARO, CONDOM\u00cdNIO, 9GIGA, ASPBRASIL, ADV DOUGLAS, EQUIPAMENTOS, ALUGUEL, MANUTEN\u00c7\u00c3O, DESENVOLVE SP, BB, 99, CART\u00d5ES (TRANSFER\u00caNCIAS BANC\u00c1RIAS, COMPROVANTES DE GASTOS, BOLETOS, RECIBOS E COMPROVANTES DE PAGAMENTOS, GUIAS DE RECOLHIMENTO, NOTAS FISCAIS, CUPONS FISCAIS, FATURAS, INFORMES DE RENDIMENTOS)"",""Data do Documento"":""31\/12\/2018"",""Etiqueta"":""2607679""}","2018-12-31",2607679,100726,"10A270118"
Unilogic Canal Geek,Unilogic Canal Geek,Documentos Unilogic Canal Geek,"{""Pasta"":""059"",""Setor"":""CONTABILIDADE"",""Periodo"":""2018"",""Assunto"":""UNILOGIC - 2"",""Observa\u00e7\u00e3o"":""ABAS - ALUGUEL, CONDOM\u00cdNIO, CLARO, SANTA HELENA, PROGMEDIA, ELETROPAULO, NET, GILSER, VIVO, VR, ASPBRASIL, PURIFICADOR DE \u00c1GUA (BOLETOS, FATURAS, RECIBOS E COMPROVANTES DE PAGAMENTOS, NOTAS FISCAIS)"",""Data do Documento"":""31\/12\/2018"",""Etiqueta"":""2607680""}","2018-12-31",2607680,100726,"10A270118"
Unilogic Canal Geek,Unilogic Canal Geek,Documentos Unilogic Canal Geek,"{""Pasta"":""054"",""Setor"":""CONTABILIDADE"",""Periodo"":""2017"",""Assunto"":""UNILOGIC - 6"",""Observa\u00e7\u00e3o"":""ABAS - DESENVOLVE SP, RUDOLF, REDE, IMPORTA\u00c7\u00c3O, STEPHANIE, ALEXSANDER, GUSTAVO ADAMI, MARINA, MATHEUS (NOTIFICA\u00c7\u00c3O DE COMPROVA\u00c7\u00c3O DE RECURSOS - CAPITAL DE GIRO, TRANSFER\u00caNCIAS BANC\u00c1RIAS, RECIBOS E COMPROVANTES DE PAGAMENTOS)"",""Data do Documento"":""31\/12\/2017"",""Etiqueta"":""2607675""}","2017-12-31",2607675,100725,"10A270119"
Unilogic Canal Geek,Unilogic Canal Geek,Documentos Unilogic Canal Geek,"{""Pasta"":""055"",""Setor"":""CONTABILIDADE"",""Periodo"":""2018"",""Assunto"":""UNILOGIC - 2"",""Observa\u00e7\u00e3o"":""ABAS - CART\u00d5ES DE CR\u00c9DITO, DESPESAS DIVERSAS, DESENVOLVE SP, REEMBOLSOS DIVERSOS (FATURAS, RECIBOS E COMPROVANTES DE PAGAMENTOS, BOLETOS, CORREIOS, EXAMES M\u00c9DICOS, IPTU, COMPROVANTES DE GASTOS, TRANSFER\u00caNCIAS BANC\u00c1RIAS)"",""Data do Documento"":""31\/12\/2018"",""Etiqueta"":""2607676""}","2018-12-31",2607676,100725,"10A270119"
Unilogic Canal Geek,Unilogic Canal Geek,Documentos Unilogic Canal Geek,"{""Pasta"":""057"",""Setor"":""CONTABILIDADE"",""Periodo"":""2018"",""Assunto"":""UNILOGIC - 3"",""Observa\u00e7\u00e3o"":""ABAS - NET, PROGMEDIA, SEGURO, DAS, ELETROPAULO, FGTS, PURIFICADOR DE \u00c1GUA, GILSER, ISS, ASPBRASIL, CONDOM\u00cdNIO, INSS, FREELANCER, FAXINEIRAS, 9GIGA, TERCEIROS, CARMEN, DOMINGOS, FELIPE, PATRICIA QUEIROZ, SHEILA, DOMINIOS, DARF'S, ADRIANA, GUSTAVO ADAMI, HEBERT, PATRICIA BUENO, TALITA, WILLIAM JOHNNY, GUILHERME (BOLETOS, COMPROVANTES DE PAGAMENTOS, GUIAS DE RECOLHIMENTO, NOTAS FISCAIS, HOLERITES)"",""Data do Documento"":""31\/12\/2018"",""Etiqueta"":""2607677""}","2018-12-31",2607677,100725,"10A270119"
Unilogic Canal Geek,Unilogic Canal Geek,Documentos Unilogic Canal Geek,"{""Pasta"":""058"",""Setor"":""CONTABILIDADE"",""Periodo"":""2018"",""Assunto"":""MATRIZ - 2"",""Observa\u00e7\u00e3o"":""ABAS - ADRIANA, DEREK, PATRICIA BUENO, WILLIAM JOHNNY, FREELANCER, FOGA\u00c7A, RAFAEL HYPOLITO, CAIO, STEPHANIE, SERGIO, LEONARDO, GUILHERME, MARINA, MATHEUS MENUCCI, GUSTAVO ADAMI, ARTHUR, ALEJANDRO, ALEXSANDER, FERNANDA, PATRICIA QUEIROZ, HEBERT, WELLINGTON, TALITA, ADRIANO, LOJA VIRTUAL - DEVOLU\u00c7\u00d5ES, TERCEIROS, FAXINEIRAS, CARMEN, FELIPE, DOMINGOS (HOLERITES, RESCIS\u00d5ES, RECIBOS E COMPROVANTES DE PAGAMENTOS, CART\u00d5ES DE PONTO, F\u00c9RIAS, NOTAS FISCAIS, PLANILHAS PARA REEMBOLSOS)"",""Data do Documento"":""31\/12\/2018"",""Etiqueta"":""2607678""}","2018-12-31",2607678,100725,"10A270119"
Unilogic Canal Geek,Unilogic Canal Geek,Documentos Unilogic Canal Geek,"{""Pasta"":""053"",""Setor"":null,""Periodo"":""2009 A 2019"",""Assunto"":""NOTAS FISCAIS ELETRONICAS - UNILOGIC"",""Observa\u00e7\u00e3o"":""NOTAS FISCAIS DE SERVI\u00c7O ( SA\u00cdDA )"",""Data do Documento"":""31\/12\/2019"",""Etiqueta"":""2607674""}","2019-12-31",2607674,100724,"10A270120"
Unilogic Canal Geek,Unilogic Canal Geek,Documentos Unilogic Canal Geek,"{""Pasta"":""052"",""Setor"":null,""Periodo"":""2013 A 2018"",""Assunto"":""UNILOGIC"",""Observa\u00e7\u00e3o"":""PEDIDOS DE INSER\u00c7\u00c3O, DADOS E APROVA\u00c7\u00d5ES PARA FATURAMENTO, SOLICITA\u00c7\u00d5ES PARA NOTAS FISCAIS - 2013 A 2018"",""Data do Documento"":""31\/12\/2020"",""Etiqueta"":""2607673""}","2020-12-31",2607673,100723,"10A270121"
Unilogic Canal Geek,Unilogic Canal Geek,Documentos Unilogic Canal Geek,"{""Pasta"":""050"",""Setor"":null,""Periodo"":null,""Assunto"":""DOUGLAS RIBAS - ADVOGADO"",""Observa\u00e7\u00e3o"":""CITA\u00c7\u00d5ES JUDICIAIS, INTIMA\u00c7\u00d5ES, REEMBOLSOS DE DESPESAS, NOTAS DE D\u00c9BITO, COMPROVANTES DE PAGAMENTOS, NOTAS FISCAIS, NOTIFICA\u00c7\u00d5ES EXTRAJUDICIAIS, PROCESSOS E SENTEN\u00c7AS, CONTESTA\u00c7\u00d5ES, LAUDOS PERICIAIS"",""Data do Documento"":""31\/12\/2020"",""Etiqueta"":""2607671""}","2020-12-31",2607671,100722,"10A270122"
Unilogic Canal Geek,Unilogic Canal Geek,Documentos Unilogic Canal Geek,"{""Pasta"":""051"",""Setor"":null,""Periodo"":""2019"",""Assunto"":""PI S -PEDIDOS DE INSERCAO"",""Observa\u00e7\u00e3o"":""PEDIDOS DE INSER\u00c7\u00c3O, RELAT\u00d3RIOS, NOTAS FISCAIS, FICHAS CADASTRAIS, AUTORIZA\u00c7\u00d5ES"",""Data do Documento"":""31\/12\/2019"",""Etiqueta"":""2607672""}","2019-12-31",2607672,100722,"10A270122"
Unilogic Canal Geek,Unilogic Canal Geek,Documentos Unilogic Canal Geek,"{""Pasta"":""049"",""Setor"":null,""Periodo"":""2010 A 2013"",""Assunto"":""DESPESAS GERAIS"",""Observa\u00e7\u00e3o"":""COMPROVANTES E RECIBOS DE PAGAMENTOS, NOTAS FISCAIS, CUPONS FISCAIS, TRANSFER\u00caNCIAS BANC\u00c1RIAS, PROTOCOLOS DE ATENDIMENTOS, DESPESAS DIVERSAS ( EXAMES M\u00c9DICO, CORREIOS, REFEI\u00c7\u00d5ES,CART\u00d3RIO, MERCADO, REEMBOLSO IGOR,  REEMBOLSO DIVERSOS, REEMBOLSOS FELIPE, DESPESAS COM FUNCION\u00c1RIOS, SUPRIMENTOS E PAPELARIA ) - 2010 A 2013"",""Data do Documento"":""31\/12\/2013"",""Etiqueta"":""2607670""}","2013-12-31",2607670,100721,"10A270123"
Unilogic Canal Geek,Unilogic Canal Geek,Documentos Unilogic Canal Geek,"{""Pasta"":""046"",""Setor"":null,""Periodo"":""2017"",""Assunto"":""FATURAS CX VISA"",""Observa\u00e7\u00e3o"":""FATURAS E COMPROVANTES DE PAGAMENTOS"",""Data do Documento"":""31\/12\/2017"",""Etiqueta"":""2607667""}","2017-12-31",2607667,100720,"10A270124"
Unilogic Canal Geek,Unilogic Canal Geek,Documentos Unilogic Canal Geek,"{""Pasta"":""047"",""Setor"":null,""Periodo"":""2017"",""Assunto"":""CARTOES"",""Observa\u00e7\u00e3o"":""FATURAS CAIXA BLACK, FATURAS NU BANK, FATURAS PORTO, FATURAS SUBMARINO, FATURAS HIPERCARD ( FATURAS E COMPROVANTES DE PAGAMENTOS )"",""Data do Documento"":""31\/12\/2017"",""Etiqueta"":""2607668""}","2017-12-31",2607668,100720,"10A270124"
Unilogic Canal Geek,Unilogic Canal Geek,Documentos Unilogic Canal Geek,"{""Pasta"":""048"",""Setor"":null,""Periodo"":""2007 A 2013"",""Assunto"":""PMSBC - IMPOSTOS"",""Observa\u00e7\u00e3o"":""TAL\u00d5ES DE NOTAS FISCAIS , CARN\u00caS IPTU E TAXAS DE FUNCIONAMENTO, ISS"",""Data do Documento"":""31\/12\/2013"",""Etiqueta"":""2607669""}","2013-12-31",2607669,100720,"10A270124"
Unilogic Canal Geek,Unilogic Canal Geek,Documentos Unilogic Canal Geek,"{""Pasta"":""040"",""Setor"":""CONTABILIDADE"",""Periodo"":""2017"",""Assunto"":""UNILOGIC - 5"",""Observa\u00e7\u00e3o"":""ABAS - ALUGUEL, CLARO, CONDOM\u00cdNIO, NET, VIVO, ELETROPAULO, SANTA HELENA, DESPESAS DIVERSAS, DESPESAS CORREIO, DESPESAS CART\u00d3RIO, EXAMES M\u00c9DICOS, CAIO ( BOLETOS, FATURAS, RECIBOS E COMPROVANTES DE PAGAMENTOS, NOTAS FISCAIS )"",""Data do Documento"":""31\/12\/2017"",""Etiqueta"":""2607664""}","2017-12-31",2607664,100719,"10A270201"
Unilogic Canal Geek,Unilogic Canal Geek,Documentos Unilogic Canal Geek,"{""Pasta"":""044"",""Setor"":""CONTABILIDADE"",""Periodo"":""2017"",""Assunto"":""UNILOGIC - 3"",""Observa\u00e7\u00e3o"":""ABAS - TERCEIROS, ALEJANDRO, BEATRIZ, ARTHUR, JO\u00c3O HENRIQUE, MATHEUS PETTI, MURILO, GUILHERME, SERGIO, ASPBRASIL, 9GIGA, COMISS\u00c3O PAULO ( COMPROVANTES E RECIBOS DE PAGAMENTOS, TRANSFER\u00caNCIAS BANC\u00c1RIAS, COMPROVANTES DE GASTOS, BOLETOS, NOTAS FISCAIS )"",""Data do Documento"":""31\/12\/2017"",""Etiqueta"":""2607665""}","2017-12-31",2607665,100719,"10A270201"
Unilogic Canal Geek,Unilogic Canal Geek,Documentos Unilogic Canal Geek,"{""Pasta"":""045"",""Setor"":""CONTABILIDADE"",""Periodo"":""NOVEMBRO E DEZEMBRO 2017"",""Assunto"":""UNILOGIC MATRIZ"",""Observa\u00e7\u00e3o"":""COMPROVANTES E RECIBOS DE PAGAMENTOS, CUPONS FISCAIS, NOTAS FISCAIS, GUIAS DE RECOLHIMENTO, BOLETOS, CARNES IPTU, COMPROVANTES DE GASTOS, TRANSFER\u00caNCIAS BANC\u00c1RIAS, FATURAS )"",""Data do Documento"":""31\/12\/2017"",""Etiqueta"":""2607666""}","2017-12-31",2607666,100719,"10A270201"
Unilogic Canal Geek,Unilogic Canal Geek,Documentos Unilogic Canal Geek,"{""Pasta"":""039"",""Setor"":""CONTABILIDADE"",""Periodo"":""2017"",""Assunto"":""UNILOGIC - 6"",""Observa\u00e7\u00e3o"":""ABAS - DAS, FGTS, INSS, ISS, DARF'S, SINDICATO, EQUIPAMENTOS, ANDR\u00c9 FOGA\u00c7A, REEMBOLSOS DIVERSOS, FREE UD, WELLINGTON, VICTOR ( GUIAS DE RECOLHIMENTO, RECIBOS E COMPROVANTES DE PAGAMENTOS, NOTAS FISCAIS, COMPROVANTES DE GASTOS, TRANSFER\u00caNCIAS BANC\u00c1RIAS, BOLETOS, CUPONS FISCAIS )"",""Data do Documento"":""31\/12\/2017"",""Etiqueta"":""2607661""}","2017-12-31",2607661,100718,"10A270202"
Unilogic Canal Geek,Unilogic Canal Geek,Documentos Unilogic Canal Geek,"{""Pasta"":""042"",""Setor"":""CONTABILIDADE"",""Periodo"":""2017"",""Assunto"":""UNILOGIC - 1"",""Observa\u00e7\u00e3o"":""ABAS - ADRIANA, ADRIANO, ANDREA, DAVID, EDUARDO, ERICK, FERNANDO, KATIA, LEONARDO, MARCOS, PATRICIA BUENO, THIAGO ( HOLERITES, F\u00c9RIAS, RESCIS\u00d5ES, COMPROVANTES E RECIBOS DE PAGAMENTOS )"",""Data do Documento"":""31\/12\/2017"",""Etiqueta"":""2607662""}","2017-12-31",2607662,100718,"10A270202"
Unilogic Canal Geek,Unilogic Canal Geek,Documentos Unilogic Canal Geek,"{""Pasta"":""043"",""Setor"":""CONTABILIDADE"",""Periodo"":""2017"",""Assunto"":""UNILOGIC - 2"",""Observa\u00e7\u00e3o"":""ABAS - WILLIAM JOHNNY, ANDR\u00c9, FABIANA, JOYCE, MARINA, PATRICIA QUEIROZ, LUCIANA, DEREK, FREE CT, CARMEN, OTAVIO, INPI ( HOLERITES, F\u00c9RIAS, RECIBOS E COMPROVANTES DE PAGAMENTOS, NOTAS FISCAIS, BOLETO)"",""Data do Documento"":""31\/12\/2017"",""Etiqueta"":""2607663""}","2017-12-31",2607663,100718,"10A270202"
Unilogic Canal Geek,Unilogic Canal Geek,Documentos Unilogic Canal Geek,"{""Pasta"":""032"",""Setor"":null,""Periodo"":""2016"",""Assunto"":null,""Observa\u00e7\u00e3o"":""FATURAS BLACK, FATURAS PORTO, FATURAS NU BANK, FATURAS HIPERCARD, FATURAS SUBMARINO, FATURAS VISA CX, DOCUMENTOS PAYPAL ( FATURAS E COMPROVANTES DE PAGAMENTOS )"",""Data do Documento"":""31\/12\/2016"",""Etiqueta"":""2607658""}","2016-12-31",2607658,100717,"10A270203"
Unilogic Canal Geek,Unilogic Canal Geek,Documentos Unilogic Canal Geek,"{""Pasta"":""038"",""Setor"":""CONTABILIDADE"",""Periodo"":""2016"",""Assunto"":""UNILOGIC - 1"",""Observa\u00e7\u00e3o"":""ABAS - CLARO, ELETROPAULO, VIVO, SANTA HELENA, VR, SINDICATO, SEGURO, PURIFICADOR DE \u00c1GUA, GILSER, NET, ASPBRASIL, DOM\u00cdNIOS ( FATURAS, COMPROVANTES DE PAGAMENTOS, BOLETOS, NOTAS FISCAIS )"",""Data do Documento"":""31\/12\/2016"",""Etiqueta"":""2607659""}","2016-12-31",2607659,100717,"10A270203"
Unilogic Canal Geek,Unilogic Canal Geek,Documentos Unilogic Canal Geek,"{""Pasta"":""041"",""Setor"":""CONTABILIDADE"",""Periodo"":""2017"",""Assunto"":""UNILOGIC - 4"",""Observa\u00e7\u00e3o"":""ABAS - REEMBOLSO IGOR, FELIPE, DOMINGOS, ADV DOUGLAS, ADV REF, CONTA BB, DOMINIOS, GILSER, VR, SEGURO, PURIFICADOR DE \u00c1GUA ( TRANSFER\u00caNCIAS BANC\u00c1RIAS, RECIBOS E COMPROVANTES DE PAGAMENTOS, COMPROVANTES DE GASTOS, NOTAS DE D\u00c9BITO, BOLETOS, INFORMES DE RENDIMENTOS, NOTAS FISCAIS )"",""Data do Documento"":""31\/12\/2017"",""Etiqueta"":""2607660""}","2017-12-31",2607660,100717,"10A270203"
Unilogic Canal Geek,Unilogic Canal Geek,Documentos Unilogic Canal Geek,"{""Pasta"":""030"",""Setor"":""CONTABILIDADE"",""Periodo"":""2016"",""Assunto"":null,""Observa\u00e7\u00e3o"":""ABAS - FREE UD, FREE CT, PATRICIA QUEIROZ, FAXINEIRAS, OT\u00c1VIO, REEMBOLSO IGOR, BEATRIZ, KATIA, EXAMES M\u00c9DICOS, DESPESAS CORREIO, DESPESAS DIVERSAS, DESPESAS CART\u00d3RIO, ALEJANDRO, GUSTAVO ADAMI, GUILHERME, MURILO, WILLIAM JUN, MANUTEN\u00c7\u00c3O, MATHEUS PETTI, \u00c1LVARO, THIAGO, JO\u00c3O HENRIQUE, ERICK, LEANDRO, MARCOS, EMERSON, SHEILA, FABIANA, ANDR\u00c9 ( COMPROVANTES E RECIBOS DE PAGAMENTOS, NOTAS FISCAIS, TRANSFER\u00caNCIAS BANC\u00c1RIAS, COMPROVANTES DE GASTOS, BOLETOS, CUPONS FISCAIS, OR\u00c7AMENTOS, HOLERITES, RESCIS\u00d5ES, CART\u00d5ES DE PONTO )"",""Data do Documento"":""31\/12\/2016"",""Etiqueta"":""2607654""}","2016-12-31",2607654,100716,"10A270204"
Unilogic Canal Geek,Unilogic Canal Geek,Documentos Unilogic Canal Geek,"{""Pasta"":""035"",""Setor"":""CONTABILIDADE"",""Periodo"":""2016"",""Assunto"":""UNILOGIC - 4"",""Observa\u00e7\u00e3o"":""ABAS - DOMINGOS, FELIPE, ISS, DAS, FGTS, DARF'S, CONDOM\u00cdNIO, ALUGUEL, INSS, CONTA BB, EQUIPAMENTOS ( COMPROVANTES DE PAGAMENTOS, TRANSFER\u00caNCIAS BANC\u00c1RIAS, GUIAS DE RECOLHIMENTO, BOLETOS, INFORME DE RENDIMENTOS )"",""Data do Documento"":""31\/12\/2016"",""Etiqueta"":""2607655""}","2016-12-31",2607655,100716,"10A270204"
Unilogic Canal Geek,Unilogic Canal Geek,Documentos Unilogic Canal Geek,"{""Pasta"":""036"",""Setor"":""CONTABILIDADE"",""Periodo"":""2016"",""Assunto"":""UNILOGIC - 5"",""Observa\u00e7\u00e3o"":""ABAS - RENAN, THIAGO, WILLIAM JOHNNY, WILLIAM JUN, ALEJANDO, BEATRIZ, GUSTAVO ADAMI, JO\u00c3O HENRIQUE, MATHEUS PETTI, MURILO, GUILHERME, CARMEN ( HOLERITES, RECIBOS E COMPROVANTES DE PAGAMENTOS, RESCIS\u00d5ES, TRANSFER\u00caNCIAS BANC\u00c1RIAS )"",""Data do Documento"":""31\/12\/2016"",""Etiqueta"":""2607656""}","2016-12-31",2607656,100716,"10A270204"
Unilogic Canal Geek,Unilogic Canal Geek,Documentos Unilogic Canal Geek,"{""Pasta"":""037"",""Setor"":""CONTABILIDADE"",""Periodo"":""2016"",""Assunto"":""UNILOGIC - 2"",""Observa\u00e7\u00e3o"":""ABAS - PATRICIA QUEIROZ , ANDRE, LUCIANA, PMSBC, IGOR, ROMER, LEANDRO, FABIANA, ADV REF, ADV DOUGLAS, FREE UD, FREE CT ( RECIBOS E COMPROVANTES DE PAGAMENTOS, NOTAS FISCAIS, CARNE IPTU, TRANSFER\u00caNCIAS BANC\u00c1RIAS, REEMBOLSOS, BOLETOS, NOTAS DE D\u00c9BITO )"",""Data do Documento"":""31\/12\/2016"",""Etiqueta"":""2607657""}","2016-12-31",2607657,100716,"10A270204"
Unilogic Canal Geek,Unilogic Canal Geek,Documentos Unilogic Canal Geek,"{""Pasta"":""031"",""Setor"":""CONTABILIDADE"",""Periodo"":""2016"",""Assunto"":null,""Observa\u00e7\u00e3o"":""ABAS - ALUGUEL, CONDOM\u00cdNIO, GVT, NET, CLARO, VR, SEGURO, EQUIPAMENTOS, PURIFICADOR DE \u00c1GUA, GILSER, SANTA HELENA, SODEXO, CONTA BB, DARF'S, ISS, PMSBC, INSS, DAS, FGTS, DOMINIOS, INPI, SINDICATO, VIVO, ELETROPAULO, PAULO (COMISS\u00d5ES), JC SHIMIDT (EGRANA) TERCEIROS, ASPBRASIL, VILLARES, 9GIGA ( BOLETOS, COMPROVANTES DE PAGAMENTOS, FATURAS, GUIAS DE RECOLHIMENTO, NOTAS FISCAIS )"",""Data do Documento"":""31\/12\/2016"",""Etiqueta"":""2607652""}","2016-12-31",2607652,100715,"10A270205"
Unilogic Canal Geek,Unilogic Canal Geek,Documentos Unilogic Canal Geek,"{""Pasta"":""034"",""Setor"":""CONTABILIDADE"",""Periodo"":""2016"",""Assunto"":""UNILOGIC - 3"",""Observa\u00e7\u00e3o"":""ABAS - ADRIANA, ADRIANO, ANDREA, DAVID, EDUARDO, ERICK, FERNANDO, KATIA, LARISSA, LEONARDO, MARCOS, PATRICIA BUENO ( HOLERITES, COMPROVANTES DE PAGAMENTOS, F\u00c9RIAS, RESCIS\u00d5ES, NOTAS FISCAIS, COMPROVANTES DE GASTOS )"",""Data do Documento"":""31\/12\/2016"",""Etiqueta"":""2607653""}","2016-12-31",2607653,100715,"10A270205"
Unilogic Canal Geek,Unilogic Canal Geek,Documentos Unilogic Canal Geek,"{""Pasta"":""028"",""Setor"":null,""Periodo"":""2017"",""Assunto"":""REEMBOLSOS DOMINGOS"",""Observa\u00e7\u00e3o"":""PLANILHAS DE REEMBOLSO, COMPROVANTES DE GASTOS, TRANSFER\u00caNCIAS BANC\u00c1RIAS "",""Data do Documento"":""31\/12\/2017"",""Etiqueta"":""2607649""}","2017-12-31",2607649,100714,"10A270206"
Unilogic Canal Geek,Unilogic Canal Geek,Documentos Unilogic Canal Geek,"{""Pasta"":""029"",""Setor"":""CONTABILIDADE"",""Periodo"":""2016"",""Assunto"":null,""Observa\u00e7\u00e3o"":""ABAS - ESTORNOS, RODRIGO, ROMER, NATALIA, LUCIANA, PEDRO, IGOR, CAIO FERREIRA, FELIPE, DOMINGOS, RAPHAEL, ADRIANA, ADRIANO, ANDREA, DAIANE, DAVID, GABRIEL, LARISSA, LEONARDO, PATRICIA BUENO, RAFAEL ANDRES, RENAN, RODRIGO PAEZ, WILLIAN, HEBERT, GUSTAVO, MATEUS, CARMEN, ADV REF, ADV DOUGLAS ( RELAT\u00d3RIOS DE DESPESAS, TRANSFER\u00caNCIAS BANC\u00c1RIAS, COMPROVANTESE RECIBOS DE PAGAMENTOS, NOTAS FISCAIS, HOLERITES, F\u00c9RIAS, CART\u00c3O DE PONTO, RESCIS\u00d5ES, NOTAS DE D\u00c9BITO )"",""Data do Documento"":""31\/12\/2016"",""Etiqueta"":""2607650""}","2016-12-31",2607650,100714,"10A270206"
Unilogic Canal Geek,Unilogic Canal Geek,Documentos Unilogic Canal Geek,"{""Pasta"":""033"",""Setor"":""CONTABILIDADE"",""Periodo"":""2016"",""Assunto"":""UNILOGIC - 6"",""Observa\u00e7\u00e3o"":""ABAS - RAPHAEL , 9GIGA, FAXINEIRAS, JC SHIMIDT (EGRANA), REEMBOLSO IGOR, OT\u00c1VIO, DESPESAS DIVERSAS, DESPESAS CART\u00d3RIO, DESPESAS CORREIO, EXAMES M\u00c9DICOS, RESCIS\u00c3O, REEMBOLSOS DIVERSOS ( HOLERITES, RESCIS\u00d5ES, BOLETOS, RECIBOS E COMPROVANTES DE PAGAMENTOS, NOTAS FISCAIS, COMPROVANTES DE GASTOS, TRANSFER\u00caNCIAS BANC\u00c1RIAS )"",""Data do Documento"":""31\/12\/2016"",""Etiqueta"":""2607651""}","2016-12-31",2607651,100714,"10A270206"
Unilogic Canal Geek,Unilogic Canal Geek,Documentos Unilogic Canal Geek,"{""Pasta"":""025"",""Setor"":null,""Periodo"":"""",""Assunto"":""ARQUIVO GERAL"",""Observa\u00e7\u00e3o"":""ABAS - LENOVO PC'S, PC'S OUTROS FORNECEDORES, COMPUTADORES SERVIDORES, MONITORES, IMPRESSORAS, IPAD\/IPHONE, M\u00d3VEIS, FOTO\/V\u00cdDEO EQUIPAMENTOS, GAMES ( NOTAS FISCAIS, FATURAS, BOLETOS, COMPROVANTES DE PAGAMENTOS, EXTRATOS BANC\u00c1RIOS )"",""Data do Documento"":""31\/12\/2020"",""Etiqueta"":""2607646""}","2020-12-31",2607646,100713,"10A270207"
Unilogic Canal Geek,Unilogic Canal Geek,Documentos Unilogic Canal Geek,"{""Pasta"":""026"",""Setor"":""CONTABILIDADE"",""Periodo"":""2016"",""Assunto"":""REEMBOLSOS DOMINGOS"",""Observa\u00e7\u00e3o"":""PLANILHAS DE REEMBOLSO, COMPROVANTES DE GASTOS, TRANSFER\u00caNCIAS BANC\u00c1RIAS "",""Data do Documento"":""31\/12\/2016"",""Etiqueta"":""2607647""}","2016-12-31",2607647,100713,"10A270207"
Unilogic Canal Geek,Unilogic Canal Geek,Documentos Unilogic Canal Geek,"{""Pasta"":""027"",""Setor"":""CONTABILIDADE"",""Periodo"":""2016"",""Assunto"":""REEMBOLSOS DIVERSOS"",""Observa\u00e7\u00e3o"":""COMPROVANTES DE GASTOS, TRANSFER\u00caNCIAS BANC\u00c1RIAS ( RAFAEL, HEBERT, MATEUS, LEONARDO, RENAN, BRUNO, ADRIANO, LEANDRO)"",""Data do Documento"":""31\/12\/2016"",""Etiqueta"":""2607648""}","2016-12-31",2607648,100713,"10A270207"
Unilogic Canal Geek,Unilogic Canal Geek,Documentos Unilogic Canal Geek,"{""Pasta"":""022"",""Setor"":null,""Periodo"":""2013 A 2014"",""Assunto"":""ARQUIVO GERAL - TERCEIROS"",""Observa\u00e7\u00e3o"":""ABAS - M VELASCO, GABRIEL R DE SOUZA FILHO, PAULO FREIRE, JULIANO DINIZ, FREE CT, FREE UD, FREE SE, CAIO DE CARVALHO, JOYCE DE S MACEDO, IVAN PIZANI RAMOS, WESLEY SANTOS, OT\u00c1VIO ( RECIBOS E COMPROVANTES DE PAGAMENTOS, TRANSFER\u00caNCIAS BANC\u00c1RIAS, CONTRATO E RESCIS\u00c3O DE EST\u00c1GIO )"",""Data do Documento"":""31\/12\/2014"",""Etiqueta"":""2607643""}","2014-12-31",2607643,100712,"10A270208"
Unilogic Canal Geek,Unilogic Canal Geek,Documentos Unilogic Canal Geek,"{""Pasta"":""023"",""Setor"":null,""Periodo"":""2007 A 2013"",""Assunto"":""ARQUIVO GERAL"",""Observa\u00e7\u00e3o"":""ABAS - ARGOS CONTROLE DE ACESSO, HENRY F\u00c1CIL REL\u00d3GIO DE PONTO, BRASTEMP PURIFICADOR DE \u00c1GUA, TELEFONES, CAFETEIRAS, GRILL, TV'S, REFRIGERADOR, ASPIRADOR DE P\u00d3, ACESS\u00d3RIOS ADM, AR CONDICIONADO, MICRO ONDAS ( NOTAS FISCAIS, MANUAIS, BOLETOS, CONTRATOS, COMPROVANTES DE PAGAMENTOS )"",""Data do Documento"":""31\/12\/2013"",""Etiqueta"":""2607644""}","2013-12-31",2607644,100712,"10A270208"
Unilogic Canal Geek,Unilogic Canal Geek,Documentos Unilogic Canal Geek,"{""Pasta"":""024"",""Setor"":null,""Periodo"":""2007 A 2015"",""Assunto"":""ARQUIVO GERAL"",""Observa\u00e7\u00e3o"":""ABAS - LOCAWEB, DOA\u00c7\u00d5ES, GLOBO, FAXINEIRAS, CARMEN, BRINDES, LIVROS, GR\u00c1FICA, UOL, MOTOBOY, REFORMAS, PAGAMENTOS DIVERSOS ( BOLETOS, COMPROVANTES E RECIBOS DE PAGAMENTOS, NOTAS FISCAIS )"",""Data do Documento"":""31\/12\/2015"",""Etiqueta"":""2607645""}","2015-12-31",2607645,100712,"10A270208"
Unilogic Canal Geek,Unilogic Canal Geek,Documentos Unilogic Canal Geek,"{""Pasta"":""018"",""Setor"":""CONTABILIDADE"",""Periodo"":""JULHO A DEZEMBRO"",""Assunto"":null,""Observa\u00e7\u00e3o"":""ABAS - ADRIANA, ANDREA, CLAUDIONOR, DAIANE, DAVID, ENRICO, LARISSA, PATRICIA BUENO, RAFAEL ANDRES, RENAN, WILLIAM, ADRIANO ( HOLERITES, COMPROVANTES DE PAGAMENTOS, RESCIS\u00d5ES, F\u00c9RIAS, REEMBOLSOS )"",""Data do Documento"":""31\/12\/2015"",""Etiqueta"":""2607639""}","2015-12-31",2607639,100711,"10A270209"
Unilogic Canal Geek,Unilogic Canal Geek,Documentos Unilogic Canal Geek,"{""Pasta"":""019"",""Setor"":""CONTABILIDADE"",""Periodo"":""JULHO A DEZEMBRO"",""Assunto"":null,""Observa\u00e7\u00e3o"":""ABAS - LEONARDO PAVINI, GABRIEL, RODRIGO PAEZ, GUSTAVO HENRIQUE, HEBERT, ANDR\u00c9 LUIZ, MATEUS, CAIO FERREIRA, BRUNO, FAXINEIRA, CARMEN ( HOLERITES, COMPROVANTES E RECIBOS DE PAGAMENTOS, TRANSFER\u00caNCIAS BANC\u00c1RIAS )"",""Data do Documento"":""31\/12\/2015"",""Etiqueta"":""2607640""}","2015-12-31",2607640,100711,"10A270209"
Unilogic Canal Geek,Unilogic Canal Geek,Documentos Unilogic Canal Geek,"{""Pasta"":""020"",""Setor"":""CONTABILIDADE"",""Periodo"":""JULHO A DEZEMBRO"",""Assunto"":"""",""Observa\u00e7\u00e3o"":""ABAS - FREE CT, FREE UD, IGOR, LUCIANA, NATALIA, PATRICIA, PEDRO, RODRIGO, ROMER, ADV DOUGLAS, ADV REF ( COMPROVANTES E RECIBOS DE PAGAMENTOS, NOTAS FISCAIS, TRANSFER\u00caNCIAS BANC\u00c1RIAS, RELAT\u00d3RIOS DE DESPESAS, NOTAS DE D\u00c9BITO )"",""Data do Documento"":""31\/12\/2015"",""Etiqueta"":""2607641""}","2015-12-31",2607641,100711,"10A270209"
Unilogic Canal Geek,Unilogic Canal Geek,Documentos Unilogic Canal Geek,"{""Pasta"":""021"",""Setor"":""CONTABILIDADE"",""Periodo"":""JULHO A DEZEMBRO"",""Assunto"":null,""Observa\u00e7\u00e3o"":""ABAS - FELIPE, REEMBOLSO FELIPE CART\u00d5ES, DOMINGOS, REEMBOLSO DOMINGOS, PAULO, OT\u00c1VIO, MOTOBOY, VILLARES, EGRANA, ASPBRASIL, BANDUP, JMSHARED ( TRANSFER\u00caNCIAS BANC\u00c1RIAS, FATURAS, DEMONSTRATIVOS DE GASTOS, NOTAS FISCAIS, BOLETOS, COMPROVANTES DE PAGAMENTOS )"",""Data do Documento"":""31\/12\/2015"",""Etiqueta"":""2607642""}","2015-12-31",2607642,100711,"10A270209"
Unilogic Canal Geek,Unilogic Canal Geek,Documentos Unilogic Canal Geek,"{""Pasta"":""014"",""Setor"":""CONTABILIDADE"",""Periodo"":""JANEIRO A 22 JULHO 2015"",""Assunto"":""CONTABILIDADE UNILOGIC - 7"",""Observa\u00e7\u00e3o"":""ABAS - ADRIANA, ANDREA, CLAUDIONOR, DAIANE, ENRICO, LARISSA, LETICIA, PATRICIA BUENO, RAFAEL ANDRES, WILLIAM, DAVID, AMANDA ( HOLERITES, F\u00c9RIAS, RECIBOS DE PAGAMENTOS )"",""Data do Documento"":""22\/07\/2015"",""Etiqueta"":""2607635""}","2015-07-22",2607635,100710,"10A270210"
Unilogic Canal Geek,Unilogic Canal Geek,Documentos Unilogic Canal Geek,"{""Pasta"":""015"",""Setor"":""CONTABILIDADE"",""Periodo"":""JULHO A DEZEMBRO 2015"",""Assunto"":null,""Observa\u00e7\u00e3o"":""ABAS - ALUGUEL, CLARO, CONDOM\u00cdNIO, ELETROPAULO, GVT, NET, VIVO, PURIFICADOR DE \u00c1GUA, SANTA HELENA, SODEXO, DOMINIOS, GILSER ( BOLETOS, FATURAS, COMPROVANTES DE PAGAMENTOS )"",""Data do Documento"":""31\/12\/2015"",""Etiqueta"":""2607636""}","2015-12-31",2607636,100710,"10A270210"
Unilogic Canal Geek,Unilogic Canal Geek,Documentos Unilogic Canal Geek,"{""Pasta"":""016"",""Setor"":""CONTABILIDADE"",""Periodo"":""JULHO A DEZEMBRO 2015"",""Assunto"":null,""Observa\u00e7\u00e3o"":""ABAS - EXAMES M\u00c9DICOS, DESPESAS DIVERSAS, PROCESSO, DESPESAS CART\u00d3RIO, DESPESAS CORREIO, REEMBOLSO BRUNO, REEMBOLSO IGOR, REEMBOLSOS DIVERSOS, LOCA\u00c7\u00c3O DE ESPA\u00c7O PUBLICIT\u00c1RIO, CONTA BB, TERCEIROS, 9GIGA ( COMPROVANTES DE PAGAMENTOS, NOTAS FISCAIS, TRANSFER\u00caNCIAS BANC\u00c1RIAS, INFORMES DE RENDIMENTOS, EXTRATOS )"",""Data do Documento"":""31\/12\/2015"",""Etiqueta"":""2607637""}","2015-12-31",2607637,100710,"10A270210"
Unilogic Canal Geek,Unilogic Canal Geek,Documentos Unilogic Canal Geek,"{""Pasta"":""017"",""Setor"":""CONTABILIDADE"",""Periodo"":""JULHO A DEZEMBRO 2015"",""Assunto"":null,""Observa\u00e7\u00e3o"":""ABAS - DARF'S, DAS, FGTS, INSS, ISS, PMSBC, EQUIPAMENTOS, SINDICATO, SEGURO ( GUIAS DE RECOLHIMENTO, COMPROVANTES DE PAGAMENTOS, BOLETOS )"",""Data do Documento"":""31\/12\/2015"",""Etiqueta"":""2607638""}","2015-12-31",2607638,100710,"10A270210"
Unilogic Canal Geek,Unilogic Canal Geek,Documentos Unilogic Canal Geek,"{""Pasta"":""010"",""Setor"":""CONTABILIDADE"",""Periodo"":""JANEIRO A 22 JULHO 2015"",""Assunto"":""CONTABILIDADE UNILOGIC - 3"",""Observa\u00e7\u00e3o"":""ABAS - CLARO, GVT, NET, VIVO, ELETROPAULO, ALUGUEL, CONDOM\u00cdNIO, PURIFICADOR DE \u00c1GUA, SODEXO, SANTA HELENA, BRINDES, FELIX (FATURAS, COMPROVANTES DE PAGAMENTO, BOLETOS, NOTAS FISCAIS )"",""Data do Documento"":""22\/07\/2015"",""Etiqueta"":""2607631""}","2015-07-22",2607631,100709,"10A270211"
Unilogic Canal Geek,Unilogic Canal Geek,Documentos Unilogic Canal Geek,"{""Pasta"":""011"",""Setor"":""CONTABILIDADE"",""Periodo"":""JANEIRO A 22 JULHO 2015"",""Assunto"":""CONTABILIADE UNILOGIC - 2"",""Observa\u00e7\u00e3o"":""ABAS - CART\u00d3RIO, CORREIO, CARMEN, TERCEIROS, EQUIPAMENTOS, PMSBC, INPI, DOMINGOS, FELIPE, REEMBOLSO DOMINGOS, CAIO FERREIRA, INVESTIMENTOS BANCO DO BRASIL (RECIBOS, RESUMOS DE REEMBOLSO, NOTAS FISCAIS, TRANSFER\u00caNCIAS BANC\u00c1RIAS, BOLETOS, COMPROVANTES DE PAGAMENTOS, COMISS\u00d5ES, EXTRATOS )"",""Data do Documento"":""22\/07\/2015"",""Etiqueta"":""2607632""}","2015-07-22",2607632,100709,"10A270211"
Unilogic Canal Geek,Unilogic Canal Geek,Documentos Unilogic Canal Geek,"{""Pasta"":""012"",""Setor"":""CONTABILIDADE"",""Periodo"":""JANEIRO A 22 JULHO 2015"",""Assunto"":""CONTABILIADE UNILOGIC - 1"",""Observa\u00e7\u00e3o"":""ABAS - DARF'S, INSS, FGTS, ISS, DAS, SINDICATO, SEGURO, TABELI\u00c3O, CC BANCO DO BRASIL, CC ITAU, GILSER, DOMINIOS (GUIAS DE RECOLHIMENTOS, COMPROVANTES DE PAGAMENTOS, FATURAS, BOLETOS ) "",""Data do Documento"":""22\/07\/2015"",""Etiqueta"":""2607633""}","2015-07-22",2607633,100709,"10A270211"
Unilogic Canal Geek,Unilogic Canal Geek,Documentos Unilogic Canal Geek,"{""Pasta"":""013"",""Setor"":""CONTABILIDADE"",""Periodo"":""JANEIRO A 22 JULHO 2015"",""Assunto"":""CONTABILIADE UNILOGIC - 4"",""Observa\u00e7\u00e3o"":""ABAS - BRUNO, GR\u00c1FICA, DECORA\u00c7\u00c3O, REEMBOLSO IGOR, 9GIGA, TRIBUNAL, RENAN, HEBERT, AORAN, ANDR\u00c9, GABRIEL, GUSTAVO ( RECIBOS DE PAGAMENTOS, BOLETOS, HOLERITES )"",""Data do Documento"":""22\/07\/2015"",""Etiqueta"":""2607634""}","2015-07-22",2607634,100709,"10A270211"
Unilogic Canal Geek,Unilogic Canal Geek,Documentos Unilogic Canal Geek,"{""Pasta"":""007"",""Setor"":""CONTABILIDADE"",""Periodo"":""2014"",""Assunto"":""CONTABILIDADE 2014 - DESPESAS GERAIS"",""Observa\u00e7\u00e3o"":""ABAS - ADRIANA, ANDREA, CAIO, DAIANE, ARTHUR, MARCOS VELASCO, DIEGO, PATRICIA BUENO, RAFAEL ANDRES (HOLERITES, F\u00c9RIAS, RECIBOS E COMPROVANTES DE PAGAMENTOS, RESCIS\u00d5ES, BOLETOS, NOTAS FISCAIS )"",""Data do Documento"":""31\/12\/2014"",""Etiqueta"":""2607628""}","2014-12-31",2607628,100708,"10A270212"
Unilogic Canal Geek,Unilogic Canal Geek,Documentos Unilogic Canal Geek,"{""Pasta"":""008"",""Setor"":""CONTABILIDADE"",""Periodo"":""JANEIRO A 22 JULHO 2015"",""Assunto"":""CONTABILIDADE UNILOGIC - 5"",""Observa\u00e7\u00e3o"":""ABAS - NAT\u00c1LIA, IGOR, PATRICIA QUEIROZ, EVERALDO, RODRIGO, ROMER, PEDRO, PEDRO, LUCIANA, FREELACER ULTRA DOWNLOADS, FREELANCER CANALTECH, ADVOGADO DOUGLAS, ADVOGADOS REF (NOTAS FISCAIS, RECIBOS DE PAGAMENTOS, RELAT\u00d3RIOS DE DESPESAS, NOTAS DE D\u00c9BITOS, TRANSFER\u00caNCIAS BANC\u00c1RIAS )"",""Data do Documento"":""22\/07\/2015"",""Etiqueta"":""2607629""}","2015-07-22",2607629,100708,"10A270212"
Unilogic Canal Geek,Unilogic Canal Geek,Documentos Unilogic Canal Geek,"{""Pasta"":""009"",""Setor"":""CONTABILIDADE"",""Periodo"":""JANEIRO A 22 JULHO 2015"",""Assunto"":""CONTABILIDADE UNILOGIC - 6"",""Observa\u00e7\u00e3o"":""ABAS - REEMBOLSO CONTA CORRENTE FELIPE, LOCA\u00c7\u00c3O ESPA\u00c7O VIRTUAL, ADRIANO PONTE, LEONARDO PAVINI, REEMBOLSO FELIPE CART\u00d5ES, DESPESAS DIVERSAS, OT\u00c1VIO, FAXINEIRA, REEMBOLSO BRUNO, EXAMES M\u00c9DICOS, REEMBOLSO DIVERSOS (FATURAS, CUPONS FISCAIS, COMPROVANTES E RECIBOS DE PAGAMENTOS, HOLERITES, NOTAS FISCAIS, BOLETOS, RESUMOS DE DESPESAS, TRANSFER\u00caNCIAS BANC\u00c1RIAS )"",""Data do Documento"":""22\/07\/2015"",""Etiqueta"":""2607630""}","2015-07-22",2607630,100708,"10A270212"
Unilogic Canal Geek,Unilogic Canal Geek,Documentos Unilogic Canal Geek,"{""Pasta"":""004"",""Setor"":""CONTABILIDADE"",""Periodo"":""2014"",""Assunto"":""UNILOGIC 2014 CONTABILIZADO"",""Observa\u00e7\u00e3o"":""ABAS - ELETROPAULO, NET, VIVO FIXO, VIVO M\u00d3VEL, GVT, PMSBC, FGTS, INSS, DARF'S, DAS, ISS, INPI ( FATURAS, GUIAS DE RECOLHIMENTO, COMPROVANTES DE PAGAMENTOS )"",""Data do Documento"":""31\/12\/2014"",""Etiqueta"":""2607625""}","2014-12-31",2607625,100707,"10A270213"
Unilogic Canal Geek,Unilogic Canal Geek,Documentos Unilogic Canal Geek,"{""Pasta"":""005"",""Setor"":""CONTABILIDADE"",""Periodo"":""2014"",""Assunto"":null,""Observa\u00e7\u00e3o"":""ABAS - CLAUDIONOR, SEGURO, GILSER, BRINDES, MOTOBOY, OTAVIO, FAXINEIRAS, DOMINIOS, SANTA HELENA, CONDOMINIO, SODEXO, PURIFICADOR DE \u00c1GUA ( HOLERITES, BOLETOS, COMPROVANTES DE PAGAMENTOS, NOTAS FISCAIS )"",""Data do Documento"":""31\/12\/2014"",""Etiqueta"":""2607626""}","2014-12-31",2607626,100707,"10A270213"
Unilogic Canal Geek,Unilogic Canal Geek,Documentos Unilogic Canal Geek,"{""Pasta"":""006"",""Setor"":""CONTABILIDADE"",""Periodo"":""2014"",""Assunto"":""UNILOGIC 2014 CONTABILIZADO"",""Observa\u00e7\u00e3o"":""ABAS - RECEITAS, RESCIS\u00d5ES, DESPESAS DIVERSAS, ANDR\u00c9 JARA, ANDR\u00c9 LUIZ, AORAN, BRUNA, GABRIEL, GUSTAVO, LEONARDO MARAFIOTTI , MARCOS, ENRICO (EXTRATOS, NOTAS FISCAIS, RESCIS\u00d5ES, REEMBOLSOS, RECIBOS DIVERSOS )"",""Data do Documento"":""31\/12\/2014"",""Etiqueta"":""2607627""}","2014-12-31",2607627,100707,"10A270213"
Unilogic Canal Geek,Unilogic Canal Geek,Documentos Unilogic Canal Geek,"{""Pasta"":""001"",""Setor"":""CONTABILIDADE \/ RH"",""Periodo"":""2014"",""Assunto"":""ESCRITURACAO FISCAL ( GISS ONLINE - SERVICOS )"",""Observa\u00e7\u00e3o"":""ABAS - ANA, FELIX, PEDRO, RAFAEL ROMER, PATRICK, LUCIANA, LINARES, PONZIO, RODRIGO, IGOR LOPES, EVERALDO, PATRICIA QUEIROZ ( NOTAS FISCAIS DE SERVI\u00c7OS, CUPONS FISCAIS, RECIBOS DE PAGAMENTOS )"",""Data do Documento"":""31\/12\/2014"",""Etiqueta"":""2607622""}","2014-12-31",2607622,100706,"10A270214"
Unilogic Canal Geek,Unilogic Canal Geek,Documentos Unilogic Canal Geek,"{""Pasta"":""002"",""Setor"":""CONTABILIDADE"",""Periodo"":""2014"",""Assunto"":null,""Observa\u00e7\u00e3o"":""ABAS - M\u00d3VEIS, CARMEN, FELIPE, DOMINGOS, BRUNO, ADVOGADOS REF, ADVOGADO DOUGLAS, CC ITAU, CC BANCO DO BRASIL, EQUIPAMENTOS, DOA\u00c7\u00d5ES ( NOTAS FISCAIS, RECIBOS DE PAGAMENTOS, NOTAS DE D\u00c9BITO, HOLERITES, RECIBOS DE F\u00c9RIAS, FATURAS )"",""Data do Documento"":""31\/12\/2014"",""Etiqueta"":""2607623""}","2014-12-31",2607623,100706,"10A270214"
Unilogic Canal Geek,Unilogic Canal Geek,Documentos Unilogic Canal Geek,"{""Pasta"":""003"",""Setor"":""CONTABILIDADE"",""Periodo"":""2014"",""Assunto"":null,""Observa\u00e7\u00e3o"":""ABAS - VINICIUS, WILLIAM, LEONARDO TEIXEIRA, LETICIA, LARISSA, FREELANCER SELECTER, DOLAR, CUP, ALUGUEL, OUTROS RECEBIMENTOS, FREELANCER CANALTECH, FREELANCER ULTRA DOWNLOADS ( HOLERITES, RESCIS\u00d5ES, RECIBOS DE PAGAMENTOS, TRANSFER\u00caNCIAS BANC\u00c1RIAS, NOTAS FISCAIS, BOLETOS )"",""Data do Documento"":""31\/12\/2014"",""Etiqueta"":""2607624""}","2014-12-31",2607624,100706,"10A270214"
